"Stkcd","Trddt","Dsmvtll"
"000338","2022-01-04","120000412.56"
"000338","2022-01-05","121153610.42"
"000338","2022-01-06","121560621.43"
"000338","2022-01-07","120475258.74"
"000338","2022-01-10","122510313.79"
"000338","2022-01-11","119254225.71"
"000338","2022-01-12","118711544.37"
"000338","2022-01-13","114709269.44"
"000338","2022-01-14","114777104.61"
"000338","2022-01-17","115116280.45"
"000338","2022-01-18","116540818.98"
"000338","2022-01-19","115930302.47"
"000338","2022-01-20","113895247.42"
"000338","2022-01-21","110435653.85"
"000338","2022-01-24","110774829.69"
"000338","2022-01-25","106229873.42"
"000338","2022-01-26","108739774.64"
"000338","2022-01-27","105822862.41"
"000338","2022-01-28","105144510.73"
"000338","2022-02-07","107111730.60"
"000338","2022-02-08","108671939.47"
"000338","2022-02-09","109011115.31"
"000338","2022-02-10","109078950.48"
"000338","2022-02-11","106772554.76"
"000338","2022-02-14","103448631.52"
"000338","2022-02-15","104194818.37"
"000338","2022-02-16","105551521.73"
"000338","2022-02-17","105348016.23"
"000338","2022-02-18","106094203.08"
"000338","2022-02-21","105687192.07"
"000338","2022-02-22","103652137.02"
"000338","2022-02-23","106162038.25"
"000338","2022-02-24","103923477.70"
"000338","2022-02-25","104398323.88"
"000338","2022-02-28","102838115.01"
"000338","2022-03-01","104398323.88"
"000338","2022-03-02","102905950.17"
"000338","2022-03-03","104398323.88"
"000338","2022-03-04","102227598.49"
"000338","2022-03-07","98632334.58"
"000338","2022-03-08","94019543.14"
"000338","2022-03-09","91306136.41"
"000338","2022-03-10","93137685.95"
"000338","2022-03-11","93816037.63"
"000338","2022-03-14","91306136.41"
"000338","2022-03-15","85743652.62"
"000338","2022-03-16","88321389.01"
"000338","2022-03-17","90966960.57"
"000338","2022-03-18","91577477.08"
"000338","2022-03-21","91780982.59"
"000338","2022-03-22","93273356.29"
"000338","2022-03-23","96054598.19"
"000338","2022-03-24","95037070.66"
"000338","2022-03-25","92187993.60"
"000338","2022-03-28","91645312.25"
"000338","2022-03-29","90424279.22"
"000338","2022-03-30","92798510.11"
"000338","2022-03-31","90559949.56"
"000338","2022-04-01","91238301.24"
"000338","2022-04-06","90831290.23"
"000338","2022-04-07","87982213.17"
"000338","2022-04-08","90152938.55"
"000338","2022-04-11","85472311.94"
"000338","2022-04-12","86693344.97"
"000338","2022-04-13","85404476.78"
"000338","2022-04-14","86286333.96"
"000338","2022-04-15","85811487.79"
"000338","2022-04-18","83572927.23"
"000338","2022-04-19","84251278.92"
"000338","2022-04-20","83437256.90"
"000338","2022-04-21","80113333.66"
"000338","2022-04-22","79774157.81"
"000338","2022-04-25","72854970.66"
"000338","2022-04-26","71973113.47"
"000338","2022-04-27","73736827.84"
"000338","2022-04-28","73601157.51"
"000338","2022-04-29","75907553.23"
"000338","2022-05-05","75161366.38"
"000338","2022-05-06","72719300.32"
"000338","2022-05-09","72108783.81"
"000338","2022-05-10","72447959.65"
"000338","2022-05-11","73261981.67"
"000338","2022-05-12","72583629.98"
"000338","2022-05-13","74008168.52"
"000338","2022-05-16","73329816.84"
"000338","2022-05-17","76653740.08"
"000338","2022-05-18","77603432.43"
"000338","2022-05-19","77739102.77"
"000338","2022-05-20","79638487.48"
"000338","2022-05-23","79367146.81"
"000338","2022-05-24","78485289.62"
"000338","2022-05-25","79231476.47"
"000338","2022-05-26","80045498.49"
"000338","2022-05-27","79502817.14"
"000338","2022-05-30","80249003.99"
"000338","2022-05-31","82148388.70"
"000338","2022-06-01","81673542.52"
"000338","2022-06-02","82826740.38"
"000338","2022-06-06","82962410.72"
"000338","2022-06-07","81470037.02"
"000338","2022-06-08","81877048.03"
"000338","2022-06-09","80452509.50"
"000338","2022-06-10","82419729.38"
"000338","2022-06-13","85811487.79"
"000338","2022-06-14","87100355.98"
"000338","2022-06-15","86489839.47"
"000338","2022-06-16","84997465.77"
"000338","2022-06-17","85743652.62"
"000338","2022-06-20","85336641.61"
"000338","2022-06-21","84929630.60"
"000338","2022-06-22","82419729.38"
"000338","2022-06-23","85540147.11"
"000338","2022-06-24","85404476.78"
"000338","2022-06-27","85879322.95"
"000338","2022-06-28","87575202.16"
"000338","2022-06-29","84861795.43"
"000338","2022-06-30","84590454.76"
"000338","2022-07-01","87236026.32"
"000338","2022-07-04","86082828.46"
"000338","2022-07-05","84319114.09"
"000338","2022-07-06","82351894.21"
"000338","2022-07-07","85540147.11"
"000338","2022-07-08","87643037.33"
"000338","2022-07-11","84454784.42"
"000338","2022-07-12","82826740.38"
"000338","2022-07-13","83030245.89"
"000338","2022-07-14","83844267.91"
"000338","2022-07-15","80452509.50"
"000338","2022-07-18","82691070.05"
"000338","2022-07-19","83572927.23"
"000338","2022-07-20","83369421.73"
"000338","2022-07-21","82758905.22"
"000338","2022-07-22","82555399.71"
"000338","2022-07-25","81402201.85"
"000338","2022-07-26","81605707.36"
"000338","2022-07-27","81198696.35"
"000338","2022-07-28","82080553.53"
"000338","2022-07-29","81198696.35"
"000338","2022-08-01","82284059.04"
"000338","2022-08-02","78485289.62"
"000338","2022-08-03","78078278.61"
"000338","2022-08-04","78620959.96"
"000338","2022-08-05","80113333.66"
"000338","2022-08-08","80656015.00"
"000338","2022-08-09","80723850.17"
"000338","2022-08-10","79841992.98"
"000338","2022-08-11","81402201.85"
"000338","2022-08-12","81130861.18"
"000338","2022-08-15","81063026.01"
"000338","2022-08-16","80520344.67"
"000338","2022-08-17","81334366.68"
"000338","2022-08-18","79841992.98"
"000338","2022-08-19","78960135.80"
"000338","2022-08-22","79367146.81"
"000338","2022-08-23","78620959.96"
"000338","2022-08-24","76925080.75"
"000338","2022-08-25","77196421.42"
"000338","2022-08-26","77467762.10"
"000338","2022-08-29","78824465.46"
"000338","2022-08-30","77806937.94"
"000338","2022-08-31","78892300.63"
"000338","2022-09-01","78010443.44"
"000338","2022-09-02","77806937.94"
"000338","2022-09-05","78078278.61"
"000338","2022-09-06","78688795.12"
"000338","2022-09-07","77942608.27"
"000338","2022-09-08","78078278.61"
"000338","2022-09-09","78417454.45"
"000338","2022-09-13","78553124.79"
"000338","2022-09-14","76653740.08"
"000338","2022-09-15","75907553.23"
"000338","2022-09-16","72787135.49"
"000338","2022-09-19","71905278.30"
"000338","2022-09-20","71973113.47"
"000338","2022-09-21","72380124.48"
"000338","2022-09-22","71226926.62"
"000338","2022-09-23","70141563.93"
"000338","2022-09-26","68445684.72"
"000338","2022-09-27","69056201.24"
"000338","2022-09-28","66207124.17"
"000338","2022-09-29","65121761.48"
"000338","2022-09-30","65257431.82"
"000338","2022-10-10","63086706.44"
"000338","2022-10-11","63086706.44"
"000338","2022-10-12","64646915.30"
"000338","2022-10-13","63425882.28"
"000338","2022-10-14","65393102.15"
"000338","2022-10-17","66342794.51"
"000338","2022-10-18","66207124.17"
"000338","2022-10-19","65800113.16"
"000338","2022-10-20","65393102.15"
"000338","2022-10-21","64511244.97"
"000338","2022-10-24","62611860.26"
"000338","2022-10-25","63629387.78"
"000338","2022-10-26","64104233.96"
"000338","2022-10-27","65053926.31"
"000338","2022-10-28","62408354.75"
"000338","2022-10-31","61594332.73"
"000338","2022-11-01","65664442.83"
"000338","2022-11-02","66139289.00"
"000338","2022-11-03","66410629.68"
"000338","2022-11-04","68242179.22"
"000338","2022-11-07","67903003.38"
"000338","2022-11-08","67495992.37"
"000338","2022-11-09","67428157.20"
"000338","2022-11-10","67292486.86"
"000338","2022-11-11","69259706.74"
"000338","2022-11-14","71091256.28"
"000338","2022-11-15","71226926.62"
"000338","2022-11-16","70684245.27"
"000338","2022-11-17","70277234.27"
"000338","2022-11-18","70141563.93"
"000338","2022-11-21","69938058.42"
"000338","2022-11-22","70480739.77"
"000338","2022-11-23","70277234.27"
"000338","2022-11-24","70480739.77"
"000338","2022-11-25","71905278.30"
"000338","2022-11-28","70345069.43"
"000338","2022-11-29","71973113.47"
"000338","2022-11-30","72787135.49"
"000338","2022-12-01","73126311.33"
"000338","2022-12-02","71633937.63"
"000338","2022-12-05","73736827.84"
"000338","2022-12-06","74279509.19"
"000338","2022-12-07","73397652.00"
"000338","2022-12-08","73533322.34"
"000338","2022-12-09","74008168.52"
"000338","2022-12-12","72990640.99"
"000338","2022-12-13","73533322.34"
"000338","2022-12-14","74143838.85"
"000338","2022-12-15","73397652.00"
"000338","2022-12-16","73397652.00"
"000338","2022-12-19","71905278.30"
"000338","2022-12-20","71362596.96"
"000338","2022-12-21","70887750.78"
"000338","2022-12-22","71023421.12"
"000338","2022-12-23","69938058.42"
"000338","2022-12-26","69802388.09"
"000338","2022-12-27","70345069.43"
"000338","2022-12-28","68852695.73"
"000338","2022-12-29","68717025.40"
"000338","2022-12-30","69056201.24"
"000625","2022-01-04","98024647.45"
"000625","2022-01-05","96241223.07"
"000625","2022-01-06","92801761.75"
"000625","2022-01-07","92164824.47"
"000625","2022-01-10","92419599.39"
"000625","2022-01-11","89999237.72"
"000625","2022-01-12","91655274.65"
"000625","2022-01-13","91018337.37"
"000625","2022-01-14","89362300.44"
"000625","2022-01-17","90508787.54"
"000625","2022-01-18","90508787.54"
"000625","2022-01-19","88343200.79"
"000625","2022-01-20","87451488.60"
"000625","2022-01-21","85859145.40"
"000625","2022-01-24","86241307.77"
"000625","2022-01-25","83184008.82"
"000625","2022-01-26","84075721.01"
"000625","2022-01-27","81655359.35"
"000625","2022-01-28","81400584.44"
"000625","2022-02-07","82674459.00"
"000625","2022-02-08","83056621.36"
"000625","2022-02-09","84585270.84"
"000625","2022-02-10","84012027.28"
"000625","2022-02-11","81973827.99"
"000625","2022-02-14","79426078.87"
"000625","2022-02-15","82419684.08"
"000625","2022-02-16","83311396.28"
"000625","2022-02-17","82992927.64"
"000625","2022-02-18","83247702.55"
"000625","2022-02-21","83311396.28"
"000625","2022-02-22","82164909.17"
"000625","2022-02-23","84585270.84"
"000625","2022-02-24","81655359.35"
"000625","2022-02-25","83438783.73"
"000625","2022-02-28","82419684.08"
"000625","2022-03-01","84521577.11"
"000625","2022-03-02","83311396.28"
"000625","2022-03-03","82164909.17"
"000625","2022-03-04","80254097.33"
"000625","2022-03-07","77642654.48"
"000625","2022-03-08","73566255.89"
"000625","2022-03-09","71273281.68"
"000625","2022-03-10","71846525.23"
"000625","2022-03-11","72865624.88"
"000625","2022-03-14","71973912.69"
"000625","2022-03-15","67770126.63"
"000625","2022-03-16","70381569.48"
"000625","2022-03-17","71528056.59"
"000625","2022-03-18","72610849.97"
"000625","2022-03-21","72801931.15"
"000625","2022-03-22","73311480.97"
"000625","2022-03-23","73375174.70"
"000625","2022-03-24","72610849.97"
"000625","2022-03-25","71273281.68"
"000625","2022-03-28","71400669.13"
"000625","2022-03-29","70381569.48"
"000625","2022-03-30","72929318.61"
"000625","2022-03-31","72164993.87"
"000625","2022-04-01","72483462.51"
"000625","2022-04-06","71528056.59"
"000625","2022-04-07","69617244.75"
"000625","2022-04-08","69999407.12"
"000625","2022-04-11","65349764.97"
"000625","2022-04-12","65731927.34"
"000625","2022-04-13","65413458.70"
"000625","2022-04-14","66814720.71"
"000625","2022-04-15","66177783.43"
"000625","2022-04-18","67642739.18"
"000625","2022-04-19","67770126.63"
"000625","2022-04-20","70063100.84"
"000625","2022-04-21","65477152.43"
"000625","2022-04-22","65795621.07"
"000625","2022-04-25","59999491.81"
"000625","2022-04-26","57642823.88"
"000625","2022-04-27","58343454.88"
"000625","2022-04-28","60636429.09"
"000625","2022-04-29","66687333.26"
"000625","2022-05-05","73375174.70"
"000625","2022-05-06","75031211.63"
"000625","2022-05-09","72483462.51"
"000625","2022-05-10","71846525.23"
"000625","2022-05-11","77897429.39"
"000625","2022-05-12","76177698.74"
"000625","2022-05-13","83820946.10"
"000625","2022-05-16","82101215.44"
"000625","2022-05-17","86050226.58"
"000625","2022-05-18","85158514.39"
"000625","2022-05-19","87961038.42"
"000625","2022-05-20","85922839.13"
"000625","2022-05-23","87324101.14"
"000625","2022-05-24","89680769.08"
"000625","2022-05-25","92610680.57"
"000625","2022-05-26","89871850.26"
"000625","2022-05-27","90126625.18"
"000625","2022-05-30","90062931.45"
"000625","2022-05-31","88852750.62"
"000625","2022-06-01","92483293.11"
"000625","2022-06-02","98788972.19"
"000625","2022-06-06","99744378.11"
"000625","2022-06-07","97324016.45"
"000625","2022-06-08","99935459.29"
"000625","2022-06-09","96177529.34"
"000625","2022-06-10","99362215.74"
"000625","2022-06-13","108215643.94"
"000625","2022-06-14","119043577.71"
"000625","2022-06-15","118597721.61"
"000625","2022-06-16","118342946.70"
"000625","2022-06-17","120508533.45"
"000625","2022-06-20","121909795.47"
"000625","2022-06-21","128661330.64"
"000625","2022-06-22","125795112.88"
"000625","2022-06-23","138406471.03"
"000625","2022-06-24","142355482.17"
"000625","2022-06-27","153183415.93"
"000625","2022-06-28","168501757.53"
"000625","2022-06-29","151692982.70"
"000625","2022-06-30","143412798.05"
"000625","2022-07-01","150202549.46"
"000625","2022-07-04","148132503.30"
"000625","2022-07-05","142170770.35"
"000625","2022-07-06","145400042.37"
"000625","2022-07-07","157240706.41"
"000625","2022-07-08","147635692.22"
"000625","2022-07-11","143495599.90"
"000625","2022-07-12","137037055.87"
"000625","2022-07-13","140514733.43"
"000625","2022-07-14","140763138.97"
"000625","2022-07-15","148463710.68"
"000625","2022-07-18","147304484.83"
"000625","2022-07-19","148546512.53"
"000625","2022-07-20","145482844.21"
"000625","2022-07-21","141591157.43"
"000625","2022-07-22","145648447.91"
"000625","2022-07-25","139603913.11"
"000625","2022-07-26","141839562.97"
"000625","2022-07-27","143661203.59"
"000625","2022-07-28","147387286.68"
"000625","2022-07-29","151858586.39"
"000625","2022-08-01","166431711.36"
"000625","2022-08-02","165024079.97"
"000625","2022-08-03","153763028.86"
"000625","2022-08-04","150699360.54"
"000625","2022-08-05","147056079.30"
"000625","2022-08-08","149705738.38"
"000625","2022-08-09","144737627.59"
"000625","2022-08-10","143909609.13"
"000625","2022-08-11","144820429.44"
"000625","2022-08-12","141094346.35"
"000625","2022-08-15","140266327.89"
"000625","2022-08-16","142833185.13"
"000625","2022-08-17","144572023.90"
"000625","2022-08-18","141094346.35"
"000625","2022-08-19","135960631.87"
"000625","2022-08-22","139686714.96"
"000625","2022-08-23","135712226.33"
"000625","2022-08-24","125610401.06"
"000625","2022-08-25","125693202.91"
"000625","2022-08-26","125693202.91"
"000625","2022-08-29","125527599.22"
"000625","2022-08-30","127100834.30"
"000625","2022-08-31","120228281.05"
"000625","2022-09-01","119317460.73"
"000625","2022-09-02","119234658.89"
"000625","2022-09-05","116584999.80"
"000625","2022-09-06","120476686.58"
"000625","2022-09-07","118323838.58"
"000625","2022-09-08","116999009.03"
"000625","2022-09-09","116833405.34"
"000625","2022-09-13","119151857.04"
"000625","2022-09-14","117081810.88"
"000625","2022-09-15","111037276.09"
"000625","2022-09-16","108718824.39"
"000625","2022-09-19","110954474.24"
"000625","2022-09-20","111865294.55"
"000625","2022-09-21","113935340.72"
"000625","2022-09-22","110788870.55"
"000625","2022-09-23","109629644.70"
"000625","2022-09-26","110043653.93"
"000625","2022-09-27","111616889.01"
"000625","2022-09-28","105820759.76"
"000625","2022-09-29","107145589.31"
"000625","2022-09-30","103999119.14"
"000625","2022-10-10","99527819.43"
"000625","2022-10-11","100687045.28"
"000625","2022-10-12","106979985.61"
"000625","2022-10-13","105655156.07"
"000625","2022-10-14","109050031.77"
"000625","2022-10-17","106979985.61"
"000625","2022-10-18","105572354.22"
"000625","2022-10-19","103585109.91"
"000625","2022-10-20","102260280.37"
"000625","2022-10-21","100852648.98"
"000625","2022-10-24","99031008.35"
"000625","2022-10-25","100107432.36"
"000625","2022-10-26","99527819.43"
"000625","2022-10-27","98948206.51"
"000625","2022-10-28","93483284.64"
"000625","2022-10-31","93483284.64"
"000625","2022-11-01","96712556.65"
"000625","2022-11-02","102343082.21"
"000625","2022-11-03","100852648.98"
"000625","2022-11-04","105986363.46"
"000625","2022-11-07","105737957.92"
"000625","2022-11-08","104247524.68"
"000625","2022-11-09","103088298.83"
"000625","2022-11-10","101101054.52"
"000625","2022-11-11","103005496.98"
"000625","2022-11-14","101101054.52"
"000625","2022-11-15","104164722.83"
"000625","2022-11-16","102011874.83"
"000625","2022-11-17","99693423.13"
"000625","2022-11-18","97954584.35"
"000625","2022-11-21","99859026.82"
"000625","2022-11-22","98865404.66"
"000625","2022-11-23","98699800.97"
"000625","2022-11-24","100438639.74"
"000625","2022-11-25","97788980.66"
"000625","2022-11-28","96298547.42"
"000625","2022-11-29","101266658.21"
"000625","2022-11-30","111368483.48"
"000625","2022-12-01","113852538.87"
"000625","2022-12-02","112444907.48"
"000625","2022-12-05","114183746.25"
"000625","2022-12-06","115508575.80"
"000625","2022-12-07","116253792.42"
"000625","2022-12-08","114680557.33"
"000625","2022-12-09","115094566.57"
"000625","2022-12-12","110954474.24"
"000625","2022-12-13","111865294.55"
"000625","2022-12-14","109629644.70"
"000625","2022-12-15","112362105.63"
"000625","2022-12-16","111699690.86"
"000625","2022-12-19","111451285.32"
"000625","2022-12-20","109050031.77"
"000625","2022-12-21","106317570.84"
"000625","2022-12-22","110126455.78"
"000625","2022-12-23","106069165.30"
"000625","2022-12-26","108139211.46"
"000625","2022-12-27","108387617.00"
"000625","2022-12-28","102343082.21"
"000625","2022-12-29","101763469.29"
"000625","2022-12-30","101929072.98"
"000951","2022-01-04","19596820.92"
"000951","2022-01-05","18985888.86"
"000951","2022-01-06","19303103.58"
"000951","2022-01-07","20231250.38"
"000951","2022-01-10","20430978.17"
"000951","2022-01-11","20630705.96"
"000951","2022-01-12","20454475.56"
"000951","2022-01-13","19620318.31"
"000951","2022-01-14","18833155.84"
"000951","2022-01-17","18974140.16"
"000951","2022-01-18","19032883.63"
"000951","2022-01-19","19103375.79"
"000951","2022-01-20","18410202.87"
"000951","2022-01-21","17587794.32"
"000951","2022-01-24","17505553.46"
"000951","2022-01-25","16612652.75"
"000951","2022-01-26","16471668.43"
"000951","2022-01-27","15884233.75"
"000951","2022-01-28","16119207.62"
"000951","2022-02-07","16706642.30"
"000951","2022-02-08","17117846.58"
"000951","2022-02-09","17258830.90"
"000951","2022-02-10","17341071.75"
"000951","2022-02-11","16894621.40"
"000951","2022-02-14","16530411.90"
"000951","2022-02-15","16565657.98"
"000951","2022-02-16","16612652.75"
"000951","2022-02-17","16495165.81"
"000951","2022-02-18","16671396.22"
"000951","2022-02-21","16777134.46"
"000951","2022-02-22","16365930.18"
"000951","2022-02-23","16565657.98"
"000951","2022-02-24","15942977.22"
"000951","2022-02-25","16001720.68"
"000951","2022-02-28","15778495.50"
"000951","2022-03-01","16013469.38"
"000951","2022-03-02","15872485.05"
"000951","2022-03-03","15978223.30"
"000951","2022-03-04","15708003.34"
"000951","2022-03-07","15191060.82"
"000951","2022-03-08","14732861.77"
"000951","2022-03-09","14533133.98"
"000951","2022-03-10","14838600.02"
"000951","2022-03-11","15061825.20"
"000951","2022-03-14","14697615.69"
"000951","2022-03-15","13863458.45"
"000951","2022-03-16","14262914.03"
"000951","2022-03-17","14462641.82"
"000951","2022-03-18","14568380.06"
"000951","2022-03-21","14509636.60"
"000951","2022-03-22","14568380.06"
"000951","2022-03-23","14615374.84"
"000951","2022-03-24","14486139.21"
"000951","2022-03-25","14309908.80"
"000951","2022-03-28","14415647.05"
"000951","2022-03-29","14227667.95"
"000951","2022-03-30","14474390.52"
"000951","2022-03-31","14427395.74"
"000951","2022-04-01","13792966.29"
"000951","2022-04-06","13452254.17"
"000951","2022-04-07","13135039.44"
"000951","2022-04-08","14450893.13"
"000951","2022-04-11","14098432.32"
"000951","2022-04-12","14380400.97"
"000951","2022-04-13","14051437.55"
"000951","2022-04-14","14521385.29"
"000951","2022-04-15","14192421.87"
"000951","2022-04-18","13863458.45"
"000951","2022-04-19","13745971.51"
"000951","2022-04-20","13534495.03"
"000951","2022-04-21","13064547.28"
"000951","2022-04-22","12559353.46"
"000951","2022-04-25","11302243.24"
"000951","2022-04-26","10750054.64"
"000951","2022-04-27","11302243.24"
"000951","2022-04-28","11173007.61"
"000951","2022-04-29","11631206.66"
"000951","2022-05-05","11807437.07"
"000951","2022-05-06","11478473.65"
"000951","2022-05-09","11607709.28"
"000951","2022-05-10","11666452.74"
"000951","2022-05-11","11772190.99"
"000951","2022-05-12","11795688.37"
"000951","2022-05-13","12688589.09"
"000951","2022-05-16","12312630.89"
"000951","2022-05-17","13546243.72"
"000951","2022-05-18","14415647.05"
"000951","2022-05-19","14227667.95"
"000951","2022-05-20","14110181.01"
"000951","2022-05-23","14521385.29"
"000951","2022-05-24","13910453.22"
"000951","2022-05-25","14403898.35"
"000951","2022-05-26","14721113.08"
"000951","2022-05-27","14615374.84"
"000951","2022-05-30","15508275.55"
"000951","2022-05-31","14967835.65"
"000951","2022-06-01","14838600.02"
"000951","2022-06-02","14920840.87"
"000951","2022-06-06","14885594.79"
"000951","2022-06-07","14685867.00"
"000951","2022-06-08","14638872.23"
"000951","2022-06-09","14157175.79"
"000951","2022-06-10","14321657.50"
"000951","2022-06-13","14533133.98"
"000951","2022-06-14","14779856.55"
"000951","2022-06-15","15038327.81"
"000951","2022-06-16","14591877.45"
"000951","2022-06-17","14685867.00"
"000951","2022-06-20","14967835.65"
"000951","2022-06-21","15120568.66"
"000951","2022-06-22","15191060.82"
"000951","2022-06-23","15860736.36"
"000951","2022-06-24","15708003.34"
"000951","2022-06-27","15602265.10"
"000951","2022-06-28","16436422.35"
"000951","2022-06-29","15085322.58"
"000951","2022-06-30","15261552.99"
"000951","2022-07-01","16788883.15"
"000951","2022-07-04","16248443.25"
"000951","2022-07-05","16130956.31"
"000951","2022-07-06","15813741.59"
"000951","2022-07-07","16389427.57"
"000951","2022-07-08","16835877.93"
"000951","2022-07-11","15942977.22"
"000951","2022-07-12","15449532.08"
"000951","2022-07-13","16142705.01"
"000951","2022-07-14","15872485.05"
"000951","2022-07-15","15167563.44"
"000951","2022-07-18","16224945.86"
"000951","2022-07-19","16330684.10"
"000951","2022-07-20","16248443.25"
"000951","2022-07-21","16248443.25"
"000951","2022-07-22","16424673.65"
"000951","2022-07-25","15942977.22"
"000951","2022-07-26","15860736.36"
"000951","2022-07-27","15813741.59"
"000951","2022-07-28","15708003.34"
"000951","2022-07-29","15355542.54"
"000951","2022-08-01","14909092.18"
"000951","2022-08-02","14074934.93"
"000951","2022-08-03","13581489.80"
"000951","2022-08-04","13534495.03"
"000951","2022-08-05","13769468.90"
"000951","2022-08-08","13980945.38"
"000951","2022-08-09","13816463.67"
"000951","2022-08-10","13687228.04"
"000951","2022-08-11","13957448.00"
"000951","2022-08-12","13757720.21"
"000951","2022-08-15","13687228.04"
"000951","2022-08-16","13745971.51"
"000951","2022-08-17","14063186.24"
"000951","2022-08-18","13863458.45"
"000951","2022-08-19","13710725.43"
"000951","2022-08-22","13910453.22"
"000951","2022-08-23","13522746.33"
"000951","2022-08-24","13252526.38"
"000951","2022-08-25","13029301.20"
"000951","2022-08-26","12923562.96"
"000951","2022-08-29","12841322.10"
"000951","2022-08-30","12653343.01"
"000951","2022-08-31","12512358.68"
"000951","2022-09-01","12406620.44"
"000951","2022-09-02","12700337.78"
"000951","2022-09-05","12582850.85"
"000951","2022-09-06","12888316.88"
"000951","2022-09-07","12841322.10"
"000951","2022-09-08","13088044.67"
"000951","2022-09-09","13146788.14"
"000951","2022-09-13","13170285.53"
"000951","2022-09-14","13299521.16"
"000951","2022-09-15","13428756.78"
"000951","2022-09-16","12817824.72"
"000951","2022-09-19","12853070.80"
"000951","2022-09-20","12676840.39"
"000951","2022-09-21","13229028.99"
"000951","2022-09-22","13052798.59"
"000951","2022-09-23","12665091.70"
"000951","2022-09-26","12324379.59"
"000951","2022-09-27","12559353.46"
"000951","2022-09-28","12253887.42"
"000951","2022-09-29","11960170.08"
"000951","2022-09-30","11936672.70"
"000951","2022-10-10","11619457.97"
"000951","2022-10-11","11866180.54"
"000951","2022-10-12","12148149.18"
"000951","2022-10-13","12371374.36"
"000951","2022-10-14","12735583.86"
"000951","2022-10-17","13346515.93"
"000951","2022-10-18","13522746.33"
"000951","2022-10-19","13193782.91"
"000951","2022-10-20","13123290.75"
"000951","2022-10-21","13522746.33"
"000951","2022-10-24","13393510.70"
"000951","2022-10-25","13734222.82"
"000951","2022-10-26","13828212.37"
"000951","2022-10-27","14110181.01"
"000951","2022-10-28","13546243.72"
"000951","2022-10-31","13299521.16"
"000951","2022-11-01","14627123.53"
"000951","2022-11-02","15073573.89"
"000951","2022-11-03","15496526.86"
"000951","2022-11-04","15578767.71"
"000951","2022-11-07","15202809.52"
"000951","2022-11-08","14956086.95"
"000951","2022-11-09","15743249.42"
"000951","2022-11-10","15332045.15"
"000951","2022-11-11","15778495.50"
"000951","2022-11-14","16377678.88"
"000951","2022-11-15","16448171.04"
"000951","2022-11-16","15813741.59"
"000951","2022-11-17","15966474.60"
"000951","2022-11-18","15684505.96"
"000951","2022-11-21","15919479.83"
"000951","2022-11-22","15602265.10"
"000951","2022-11-23","15719752.04"
"000951","2022-11-24","15813741.59"
"000951","2022-11-25","15989971.99"
"000951","2022-11-28","16213197.17"
"000951","2022-11-29","16765385.77"
"000951","2022-11-30","17446810.00"
"000951","2022-12-01","17505553.46"
"000951","2022-12-02","16412924.96"
"000951","2022-12-05","16988610.95"
"000951","2022-12-06","17388066.53"
"000951","2022-12-07","17399815.22"
"000951","2022-12-08","18175229.00"
"000951","2022-12-09","18527689.81"
"000951","2022-12-12","18797909.76"
"000951","2022-12-13","19162119.26"
"000951","2022-12-14","18175229.00"
"000951","2022-12-15","17893260.35"
"000951","2022-12-16","17952003.82"
"000951","2022-12-19","17529050.85"
"000951","2022-12-20","17023857.03"
"000951","2022-12-21","17846265.58"
"000951","2022-12-22","18175229.00"
"000951","2022-12-23","17928506.43"
"000951","2022-12-26","17482056.08"
"000951","2022-12-27","17411563.92"
"000951","2022-12-28","16918118.78"
"000951","2022-12-29","17705281.26"
"000951","2022-12-30","17435061.30"
"002594","2022-01-04","491361713.71"
"002594","2022-01-05","459196559.46"
"002594","2022-01-06","453321976.61"
"002594","2022-01-07","446939713.76"
"002594","2022-01-10","446577085.19"
"002594","2022-01-11","433504325.20"
"002594","2022-01-12","464164570.88"
"002594","2022-01-13","462913502.31"
"002594","2022-01-14","458978982.31"
"002594","2022-01-17","483184439.43"
"002594","2022-01-18","482441050.86"
"002594","2022-01-19","458670748.03"
"002594","2022-01-20","455225776.60"
"002594","2022-01-21","454010970.89"
"002594","2022-01-24","455824113.75"
"002594","2022-01-25","435716359.49"
"002594","2022-01-26","452361010.89"
"002594","2022-01-27","437456976.63"
"002594","2022-01-28","411220799.51"
"002594","2022-02-07","443132113.76"
"002594","2022-02-08","429660462.35"
"002594","2022-02-09","444546365.19"
"002594","2022-02-10","435371862.34"
"002594","2022-02-11","417367353.79"
"002594","2022-02-14","420612879.50"
"002594","2022-02-15","432090073.78"
"002594","2022-02-16","436242170.91"
"002594","2022-02-17","444963388.05"
"002594","2022-02-18","440521188.05"
"002594","2022-02-21","438581125.20"
"002594","2022-02-22","430530770.92"
"002594","2022-02-23","456911999.46"
"002594","2022-02-24","443966159.48"
"002594","2022-02-25","449369325.18"
"002594","2022-02-28","452560456.61"
"002594","2022-03-01","456513108.03"
"002594","2022-03-02","450747313.75"
"002594","2022-03-03","444600759.47"
"002594","2022-03-04","423912799.50"
"002594","2022-03-07","405436873.81"
"002594","2022-03-08","391983353.82"
"002594","2022-03-09","405400610.95"
"002594","2022-03-10","415391028.08"
"002594","2022-03-11","416750885.22"
"002594","2022-03-14","397078285.25"
"002594","2022-03-15","385836799.54"
"002594","2022-03-16","415989365.22"
"002594","2022-03-17","425907256.64"
"002594","2022-03-18","425181999.50"
"002594","2022-03-21","444908993.76"
"002594","2022-03-22","443857370.90"
"002594","2022-03-23","448154519.47"
"002594","2022-03-24","447991336.61"
"002594","2022-03-25","426650645.21"
"002594","2022-03-28","417748113.79"
"002594","2022-03-29","418835999.51"
"002594","2022-03-30","429751119.49"
"002594","2022-03-31","416660228.08"
"002594","2022-04-01","427829188.07"
"002594","2022-04-06","438599256.62"
"002594","2022-04-07","435154285.20"
"002594","2022-04-08","442370593.76"
"002594","2022-04-11","422462285.22"
"002594","2022-04-12","431818102.35"
"002594","2022-04-13","429714856.64"
"002594","2022-04-14","437493239.48"
"002594","2022-04-15","428264342.35"
"002594","2022-04-18","433522456.63"
"002594","2022-04-19","443966159.48"
"002594","2022-04-20","438381679.48"
"002594","2022-04-21","424347953.78"
"002594","2022-04-22","426813828.07"
"002594","2022-04-25","412489999.51"
"002594","2022-04-26","420304645.22"
"002594","2022-04-27","426106702.35"
"002594","2022-04-28","420612879.50"
"002594","2022-04-29","440593713.77"
"002594","2022-05-05","451109942.32"
"002594","2022-05-06","438925622.34"
"002594","2022-05-09","421972736.64"
"002594","2022-05-10","423060622.36"
"002594","2022-05-11","458181199.46"
"002594","2022-05-12","460701468.03"
"002594","2022-05-13","489693622.28"
"002594","2022-05-16","484326719.43"
"002594","2022-05-17","512212856.54"
"002594","2022-05-18","510254662.25"
"002594","2022-05-19","515857273.68"
"002594","2022-05-20","521641199.38"
"002594","2022-05-23","535239770.80"
"002594","2022-05-24","509493142.26"
"002594","2022-05-25","520734627.96"
"002594","2022-05-26","519719267.96"
"002594","2022-05-27","523780707.95"
"002594","2022-05-30","540534147.93"
"002594","2022-05-31","536527102.22"
"002594","2022-06-01","543906593.64"
"002594","2022-06-02","545792262.21"
"002594","2022-06-06","576996450.75"
"002594","2022-06-07","570940553.61"
"002594","2022-06-08","593641102.16"
"002594","2022-06-09","584575387.88"
"002594","2022-06-10","632424227.82"
"002594","2022-06-13","632424227.82"
"002594","2022-06-14","622977753.55"
"002594","2022-06-15","607402856.43"
"002594","2022-06-16","609215999.28"
"002594","2022-06-17","612842284.99"
"002594","2022-06-20","620421222.12"
"002594","2022-06-21","618281713.56"
"002594","2022-06-22","616250993.56"
"002594","2022-06-23","640945999.24"
"002594","2022-06-24","636503799.25"
"002594","2022-06-27","634037924.96"
"002594","2022-06-28","639858113.53"
"002594","2022-06-29","601256302.15"
"002594","2022-06-30","604665010.71"
"002594","2022-07-01","596886627.87"
"002594","2022-07-04","609506102.14"
"002594","2022-07-05","605390267.86"
"002594","2022-07-06","609397313.57"
"002594","2022-07-07","633475850.68"
"002594","2022-07-08","612842284.99"
"002594","2022-07-11","588002227.88"
"002594","2022-07-12","560261142.20"
"002594","2022-07-13","561856707.91"
"002594","2022-07-14","585645142.17"
"002594","2022-07-15","613186782.13"
"002594","2022-07-18","611210456.42"
"002594","2022-07-19","600331599.29"
"002594","2022-07-20","601419485.00"
"002594","2022-07-21","588364856.45"
"002594","2022-07-22","597648147.87"
"002594","2022-07-25","585554485.02"
"002594","2022-07-26","589271427.88"
"002594","2022-07-27","590721942.16"
"002594","2022-07-28","590051079.30"
"002594","2022-07-29","580858445.03"
"002594","2022-08-01","599316239.29"
"002594","2022-08-02","592172456.44"
"002594","2022-08-03","583813867.88"
"002594","2022-08-04","592535085.01"
"002594","2022-08-05","588346725.02"
"002594","2022-08-08","582653456.45"
"002594","2022-08-09","579698033.60"
"002594","2022-08-10","559082599.34"
"002594","2022-08-11","571176262.18"
"002594","2022-08-12","565573650.76"
"002594","2022-08-15","571520759.32"
"002594","2022-08-16","578247519.32"
"002594","2022-08-17","594583936.44"
"002594","2022-08-18","591157096.44"
"002594","2022-08-19","579099696.46"
"002594","2022-08-22","585808325.02"
"002594","2022-08-23","583124873.60"
"002594","2022-08-24","561167713.62"
"002594","2022-08-25","561312765.05"
"002594","2022-08-26","572463593.61"
"002594","2022-08-29","568510942.19"
"002594","2022-08-30","563615456.48"
"002594","2022-08-31","522148879.38"
"002594","2022-09-01","519828056.53"
"002594","2022-09-02","511306285.11"
"002594","2022-09-05","487300273.71"
"002594","2022-09-06","494879210.84"
"002594","2022-09-07","512575485.11"
"002594","2022-09-08","504525130.83"
"002594","2022-09-09","507136056.54"
"002594","2022-09-13","516383085.10"
"002594","2022-09-14","504652050.83"
"002594","2022-09-15","488641999.42"
"002594","2022-09-16","482259736.57"
"002594","2022-09-19","490183170.85"
"002594","2022-09-20","497181902.27"
"002594","2022-09-21","489548570.85"
"002594","2022-09-22","486919513.71"
"002594","2022-09-23","483021256.57"
"002594","2022-09-26","494897342.27"
"002594","2022-09-27","496728616.56"
"002594","2022-09-28","481607005.15"
"002594","2022-09-29","479703205.15"
"002594","2022-09-30","456930130.89"
"002594","2022-10-10","455461485.18"
"002594","2022-10-11","462369559.45"
"002594","2022-10-12","475659896.58"
"002594","2022-10-13","468117222.30"
"002594","2022-10-14","479648810.86"
"002594","2022-10-17","472613816.58"
"002594","2022-10-18","496202805.13"
"002594","2022-10-19","485015713.71"
"002594","2022-10-20","477781273.72"
"002594","2022-10-21","482839942.29"
"002594","2022-10-24","463384919.45"
"002594","2022-10-25","467627673.73"
"002594","2022-10-26","467555148.02"
"002594","2022-10-27","462351428.03"
"002594","2022-10-28","434954839.49"
"002594","2022-10-31","447247948.04"
"002594","2022-11-01","474717062.30"
"002594","2022-11-02","485124502.28"
"002594","2022-11-03","485886022.28"
"002594","2022-11-04","508042627.97"
"002594","2022-11-07","505649279.40"
"002594","2022-11-08","501170816.55"
"002594","2022-11-09","488877707.99"
"002594","2022-11-10","471888559.44"
"002594","2022-11-11","487372799.42"
"002594","2022-11-14","478288953.72"
"002594","2022-11-15","484109142.29"
"002594","2022-11-16","473375336.58"
"002594","2022-11-17","465977713.74"
"002594","2022-11-18","461771222.31"
"002594","2022-11-21","460900913.74"
"002594","2022-11-22","454174153.75"
"002594","2022-11-23","456005428.03"
"002594","2022-11-24","452179696.61"
"002594","2022-11-25","444310656.62"
"002594","2022-11-28","444419445.19"
"002594","2022-11-29","450203370.90"
"002594","2022-11-30","470546833.73"
"002594","2022-12-01","483492673.71"
"002594","2022-12-02","475188479.44"
"002594","2022-12-05","477509302.29"
"002594","2022-12-06","485197028.00"
"002594","2022-12-07","496329725.13"
"002594","2022-12-08","497326953.70"
"002594","2022-12-09","498070342.27"
"002594","2022-12-12","489330993.71"
"002594","2022-12-13","489185942.28"
"002594","2022-12-14","483021256.57"
"002594","2022-12-15","492195759.42"
"002594","2022-12-16","490473273.71"
"002594","2022-12-19","483202570.86"
"002594","2022-12-20","474318170.87"
"002594","2022-12-21","472867656.58"
"002594","2022-12-22","469948496.59"
"002594","2022-12-23","457238365.17"
"002594","2022-12-26","475804948.01"
"002594","2022-12-27","475261005.15"
"002594","2022-12-28","461662433.74"
"002594","2022-12-29","461916273.74"
"002594","2022-12-30","465923319.45"
"600104","2022-01-04","241730815.64"
"600104","2022-01-05","244768515.60"
"600104","2022-01-06","240796138.73"
"600104","2022-01-07","241380311.80"
"600104","2022-01-10","242431823.32"
"600104","2022-01-11","237291100.32"
"600104","2022-01-12","237992108.01"
"600104","2022-01-13","235071242.66"
"600104","2022-01-14","231566204.25"
"600104","2022-01-17","233552392.69"
"600104","2022-01-18","235188077.28"
"600104","2022-01-19","234136565.75"
"600104","2022-01-20","234487069.60"
"600104","2022-01-21","230748361.96"
"600104","2022-01-24","228061165.84"
"600104","2022-01-25","222686773.62"
"600104","2022-01-26","223621450.53"
"600104","2022-01-27","219999577.50"
"600104","2022-01-28","218013389.07"
"600104","2022-02-07","221167923.64"
"600104","2022-02-08","223154112.07"
"600104","2022-02-09","224322458.21"
"600104","2022-02-10","223387781.30"
"600104","2022-02-11","222920442.84"
"600104","2022-02-14","219649073.66"
"600104","2022-02-15","219649073.66"
"600104","2022-02-16","221752096.71"
"600104","2022-02-17","220466915.96"
"600104","2022-02-18","220817419.80"
"600104","2022-02-21","219999577.50"
"600104","2022-02-22","215676696.80"
"600104","2022-02-23","218948065.98"
"600104","2022-02-24","214157846.82"
"600104","2022-02-25","214625185.28"
"600104","2022-02-28","211587485.32"
"600104","2022-03-01","214975689.12"
"600104","2022-03-02","214975689.12"
"600104","2022-03-03","216260869.87"
"600104","2022-03-04","217896554.46"
"600104","2022-03-07","214041012.21"
"600104","2022-03-08","207731943.07"
"600104","2022-03-09","207848777.68"
"600104","2022-03-10","211587485.32"
"600104","2022-03-11","209718131.50"
"600104","2022-03-14","207965612.30"
"600104","2022-03-15","198385173.98"
"600104","2022-03-16","201656543.16"
"600104","2022-03-17","203175393.14"
"600104","2022-03-18","204110070.05"
"600104","2022-03-21","200838700.86"
"600104","2022-03-22","202240716.23"
"600104","2022-03-23","201072370.09"
"600104","2022-03-24","200020858.57"
"600104","2022-03-25","198385173.98"
"600104","2022-03-28","198268339.36"
"600104","2022-03-29","195697977.86"
"600104","2022-03-30","198034670.14"
"600104","2022-03-31","198618843.21"
"600104","2022-04-01","199203016.27"
"600104","2022-04-06","199203016.27"
"600104","2022-04-07","197684166.30"
"600104","2022-04-08","197917835.52"
"600104","2022-04-11","191375097.16"
"600104","2022-04-12","193127616.36"
"600104","2022-04-13","190557254.86"
"600104","2022-04-14","192777112.52"
"600104","2022-04-15","196866324.00"
"600104","2022-04-18","198034670.14"
"600104","2022-04-19","195464308.64"
"600104","2022-04-20","192893947.14"
"600104","2022-04-21","189272074.11"
"600104","2022-04-22","189388908.73"
"600104","2022-04-25","181210485.77"
"600104","2022-04-26","175952928.16"
"600104","2022-04-27","176887605.07"
"600104","2022-04-28","180275808.86"
"600104","2022-04-29","186351208.77"
"600104","2022-05-05","193828624.05"
"600104","2022-05-06","190907758.70"
"600104","2022-05-09","186468043.39"
"600104","2022-05-10","185533366.48"
"600104","2022-05-11","186818547.23"
"600104","2022-05-12","184598689.57"
"600104","2022-05-13","193945458.66"
"600104","2022-05-16","189038404.89"
"600104","2022-05-17","192777112.52"
"600104","2022-05-18","192543443.30"
"600104","2022-05-19","193127616.36"
"600104","2022-05-20","196282150.93"
"600104","2022-05-23","200254527.80"
"600104","2022-05-24","201072370.09"
"600104","2022-05-25","202591220.07"
"600104","2022-05-26","201189204.71"
"600104","2022-05-27","200137693.18"
"600104","2022-05-30","202123881.61"
"600104","2022-05-31","200838700.86"
"600104","2022-06-01","206329927.71"
"600104","2022-06-02","207381439.23"
"600104","2022-06-06","206213093.09"
"600104","2022-06-07","201306039.32"
"600104","2022-06-08","203642731.59"
"600104","2022-06-09","199904023.96"
"600104","2022-06-10","205044746.96"
"600104","2022-06-13","205979423.86"
"600104","2022-06-14","213573673.75"
"600104","2022-06-15","213223169.91"
"600104","2022-06-16","208783454.59"
"600104","2022-06-17","209017123.82"
"600104","2022-06-20","209484462.27"
"600104","2022-06-21","207965612.30"
"600104","2022-06-22","205161581.57"
"600104","2022-06-23","214508350.66"
"600104","2022-06-24","212522162.23"
"600104","2022-06-27","215092523.73"
"600104","2022-06-28","218948065.98"
"600104","2022-06-29","209367627.66"
"600104","2022-06-30","208082446.91"
"600104","2022-07-01","203993235.43"
"600104","2022-07-04","201189204.71"
"600104","2022-07-05","202240716.23"
"600104","2022-07-06","200371362.41"
"600104","2022-07-07","205278416.18"
"600104","2022-07-08","216845042.93"
"600104","2022-07-11","203642731.59"
"600104","2022-07-12","201539708.55"
"600104","2022-07-13","201539708.55"
"600104","2022-07-14","199319850.89"
"600104","2022-07-15","188454231.82"
"600104","2022-07-18","195931647.09"
"600104","2022-07-19","194646466.34"
"600104","2022-07-20","192076104.84"
"600104","2022-07-21","189272074.11"
"600104","2022-07-22","190674089.48"
"600104","2022-07-25","186935381.84"
"600104","2022-07-26","187753224.14"
"600104","2022-07-27","186935381.84"
"600104","2022-07-28","187870058.75"
"600104","2022-07-29","189155239.50"
"600104","2022-08-01","191375097.16"
"600104","2022-08-02","185416531.86"
"600104","2022-08-03","185650201.09"
"600104","2022-08-04","186000704.93"
"600104","2022-08-05","187870058.75"
"600104","2022-08-08","189272074.11"
"600104","2022-08-09","188804735.66"
"600104","2022-08-10","188804735.66"
"600104","2022-08-11","191141427.93"
"600104","2022-08-12","191491931.77"
"600104","2022-08-15","190907758.70"
"600104","2022-08-16","191375097.16"
"600104","2022-08-17","193478120.20"
"600104","2022-08-18","191141427.93"
"600104","2022-08-19","190089916.41"
"600104","2022-08-22","192426608.68"
"600104","2022-08-23","190323585.64"
"600104","2022-08-24","186584878.00"
"600104","2022-08-25","189038404.89"
"600104","2022-08-26","185533366.48"
"600104","2022-08-29","181093651.16"
"600104","2022-08-30","180859981.93"
"600104","2022-08-31","180743147.32"
"600104","2022-09-01","178756958.88"
"600104","2022-09-02","178289620.43"
"600104","2022-09-05","177705447.36"
"600104","2022-09-06","180158974.25"
"600104","2022-09-07","179925305.02"
"600104","2022-09-08","179341131.95"
"600104","2022-09-09","180859981.93"
"600104","2022-09-13","182846170.36"
"600104","2022-09-14","180392643.48"
"600104","2022-09-15","179224297.34"
"600104","2022-09-16","175485589.70"
"600104","2022-09-19","175368755.09"
"600104","2022-09-20","173966739.72"
"600104","2022-09-21","174317243.57"
"600104","2022-09-22","173032062.82"
"600104","2022-09-23","172564724.36"
"600104","2022-09-26","169994362.86"
"600104","2022-09-27","171162709.00"
"600104","2022-09-28","169293355.18"
"600104","2022-09-29","166722993.68"
"600104","2022-09-30","167073497.52"
"600104","2022-10-10","165905151.38"
"600104","2022-10-11","165437812.93"
"600104","2022-10-12","167657670.59"
"600104","2022-10-13","165788316.77"
"600104","2022-10-14","170111197.47"
"600104","2022-10-17","171863716.68"
"600104","2022-10-18","171396378.22"
"600104","2022-10-19","168125009.04"
"600104","2022-10-20","167657670.59"
"600104","2022-10-21","166021986.00"
"600104","2022-10-24","162516947.59"
"600104","2022-10-25","165788316.77"
"600104","2022-10-26","165437812.93"
"600104","2022-10-27","167424001.36"
"600104","2022-10-28","164035797.56"
"600104","2022-10-31","160647593.77"
"600104","2022-11-01","164853639.86"
"600104","2022-11-02","167424001.36"
"600104","2022-11-03","165554647.54"
"600104","2022-11-04","169410189.79"
"600104","2022-11-07","169527024.41"
"600104","2022-11-08","168125009.04"
"600104","2022-11-09","166839828.29"
"600104","2022-11-10","166489324.45"
"600104","2022-11-11","169527024.41"
"600104","2022-11-14","168125009.04"
"600104","2022-11-15","170344866.70"
"600104","2022-11-16","169994362.86"
"600104","2022-11-17","169527024.41"
"600104","2022-11-18","168358678.27"
"600104","2022-11-21","167774505.20"
"600104","2022-11-22","168592347.50"
"600104","2022-11-23","169994362.86"
"600104","2022-11-24","169643859.02"
"600104","2022-11-25","171162709.00"
"600104","2022-11-28","167774505.20"
"600104","2022-11-29","172564724.36"
"600104","2022-11-30","177354943.52"
"600104","2022-12-01","176069762.77"
"600104","2022-12-02","175952928.16"
"600104","2022-12-05","178289620.43"
"600104","2022-12-06","178640124.27"
"600104","2022-12-07","177939116.59"
"600104","2022-12-08","178055951.20"
"600104","2022-12-09","178055951.20"
"600104","2022-12-12","175719258.93"
"600104","2022-12-13","176537101.23"
"600104","2022-12-14","176887605.07"
"600104","2022-12-15","176770770.45"
"600104","2022-12-16","178172785.82"
"600104","2022-12-19","175602424.32"
"600104","2022-12-20","171980551.29"
"600104","2022-12-21","171630047.45"
"600104","2022-12-22","172564724.36"
"600104","2022-12-23","171396378.22"
"600104","2022-12-26","171863716.68"
"600104","2022-12-27","172447889.75"
"600104","2022-12-28","170929039.77"
"600104","2022-12-29","167424001.36"
"600104","2022-12-30","168358678.27"
"600418","2022-01-04","36691364.49"
"600418","2022-01-05","34026872.54"
"600418","2022-01-06","34179753.23"
"600418","2022-01-07","33611910.68"
"600418","2022-01-10","32847507.26"
"600418","2022-01-11","32039423.63"
"600418","2022-01-12","33327989.41"
"600418","2022-01-13","32345185.00"
"600418","2022-01-14","32235984.52"
"600418","2022-01-17","32432545.40"
"600418","2022-01-18","32039423.63"
"600418","2022-01-19","30991098.93"
"600418","2022-01-20","30139335.12"
"600418","2022-01-21","30314055.90"
"600418","2022-01-24","30270375.70"
"600418","2022-01-25","29942774.23"
"600418","2022-01-26","30226695.51"
"600418","2022-01-27","29178370.81"
"600418","2022-01-28","29287571.30"
"600418","2022-02-07","29680693.06"
"600418","2022-02-08","30030134.63"
"600418","2022-02-09","30488776.68"
"600418","2022-02-10","30095654.92"
"600418","2022-02-11","28938129.73"
"600418","2022-02-14","28064525.81"
"600418","2022-02-15","28763408.95"
"600418","2022-02-16","29855413.84"
"600418","2022-02-17","29877253.94"
"600418","2022-02-18","30161175.21"
"600418","2022-02-21","29877253.94"
"600418","2022-02-22","29309411.40"
"600418","2022-02-23","31406060.79"
"600418","2022-02-24","30073814.82"
"600418","2022-02-25","30270375.70"
"600418","2022-02-28","29986454.43"
"600418","2022-03-01","30379576.19"
"600418","2022-03-02","30532456.88"
"600418","2022-03-03","29724373.26"
"600418","2022-03-04","28435807.48"
"600418","2022-03-07","27453003.07"
"600418","2022-03-08","26033396.71"
"600418","2022-03-09","25662115.04"
"600418","2022-03-10","26142597.20"
"600418","2022-03-11","26382838.28"
"600418","2022-03-14","25574754.65"
"600418","2022-03-15","23849386.92"
"600418","2022-03-16","24679310.64"
"600418","2022-03-17","24985072.01"
"600418","2022-03-18","25356353.67"
"600418","2022-03-21","25618434.85"
"600418","2022-03-22","25683955.14"
"600418","2022-03-23","25574754.65"
"600418","2022-03-24","25116112.60"
"600418","2022-03-25","24591950.25"
"600418","2022-03-28","24460909.66"
"600418","2022-03-29","23958587.41"
"600418","2022-03-30","24591950.25"
"600418","2022-03-31","23565465.64"
"600418","2022-04-01","23609145.84"
"600418","2022-04-06","22975783.00"
"600418","2022-04-07","21949298.40"
"600418","2022-04-08","21818257.81"
"600418","2022-04-11","20398651.45"
"600418","2022-04-12","20922813.80"
"600418","2022-04-13","20245770.76"
"600418","2022-04-14","20289450.96"
"600418","2022-04-15","20114730.18"
"600418","2022-04-18","20333131.15"
"600418","2022-04-19","20027369.78"
"600418","2022-04-20","19765288.61"
"600418","2022-04-21","18782484.20"
"600418","2022-04-22","18716963.91"
"600418","2022-04-25","16838715.49"
"600418","2022-04-26","15681190.30"
"600418","2022-04-27","16642154.61"
"600418","2022-04-28","16292713.04"
"600418","2022-04-29","17341037.74"
"600418","2022-05-05","17559438.72"
"600418","2022-05-06","17013436.27"
"600418","2022-05-09","16947915.98"
"600418","2022-05-10","17428398.13"
"600418","2022-05-11","18476722.83"
"600418","2022-05-12","18280161.95"
"600418","2022-05-13","19940009.39"
"600418","2022-05-16","18716963.91"
"600418","2022-05-17","19787128.71"
"600418","2022-05-18","20158410.37"
"600418","2022-05-19","22167699.38"
"600418","2022-05-20","23412584.96"
"600418","2022-05-23","25749475.44"
"600418","2022-05-24","24722990.83"
"600418","2022-05-25","26404678.37"
"600418","2022-05-26","24591950.25"
"600418","2022-05-27","24395389.37"
"600418","2022-05-30","25050592.30"
"600418","2022-05-31","25793155.63"
"600418","2022-06-01","26055236.81"
"600418","2022-06-02","26601239.25"
"600418","2022-06-06","26360998.18"
"600418","2022-06-07","26492038.76"
"600418","2022-06-08","29134690.61"
"600418","2022-06-09","26535718.96"
"600418","2022-06-10","26819640.23"
"600418","2022-06-13","27190921.90"
"600418","2022-06-14","29091010.42"
"600418","2022-06-15","30466936.58"
"600418","2022-06-16","29615172.77"
"600418","2022-06-17","29571492.57"
"600418","2022-06-20","29680693.06"
"600418","2022-06-21","28741568.85"
"600418","2022-06-22","28217406.50"
"600418","2022-06-23","29789893.55"
"600418","2022-06-24","29811733.65"
"600418","2022-06-27","32367025.10"
"600418","2022-06-28","34638395.29"
"600418","2022-06-29","34660235.38"
"600418","2022-06-30","37477608.01"
"600418","2022-07-01","37914409.97"
"600418","2022-07-04","37608648.60"
"600418","2022-07-05","38067290.66"
"600418","2022-07-06","38067290.66"
"600418","2022-07-07","41386985.54"
"600418","2022-07-08","38875374.28"
"600418","2022-07-11","37717849.09"
"600418","2022-07-12","35293598.22"
"600418","2022-07-13","36298242.73"
"600418","2022-07-14","35774080.38"
"600418","2022-07-15","36101681.85"
"600418","2022-07-18","35948801.16"
"600418","2022-07-19","35468319.01"
"600418","2022-07-20","34048712.64"
"600418","2022-07-21","34354474.01"
"600418","2022-07-22","37783369.38"
"600418","2022-07-25","34005032.45"
"600418","2022-07-26","37412087.72"
"600418","2022-07-27","39224815.85"
"600418","2022-07-28","38656973.30"
"600418","2022-07-29","41954828.09"
"600418","2022-08-01","46148126.88"
"600418","2022-08-02","47480372.86"
"600418","2022-08-03","46934370.41"
"600418","2022-08-04","44641160.13"
"600418","2022-08-05","43898596.80"
"600418","2022-08-08","44226198.27"
"600418","2022-08-09","43243393.86"
"600418","2022-08-10","45623964.53"
"600418","2022-08-11","44510119.54"
"600418","2022-08-12","42675551.32"
"600418","2022-08-15","42631871.12"
"600418","2022-08-16","44400919.05"
"600418","2022-08-17","45842365.51"
"600418","2022-08-18","45492923.95"
"600418","2022-08-19","43461794.84"
"600418","2022-08-22","43024992.88"
"600418","2022-08-23","42719231.51"
"600418","2022-08-24","38438572.32"
"600418","2022-08-25","38547772.81"
"600418","2022-08-26","37674168.89"
"600418","2022-08-29","37630488.70"
"600418","2022-08-30","37630488.70"
"600418","2022-08-31","33873991.86"
"600418","2022-09-01","33175108.73"
"600418","2022-09-02","32650946.38"
"600418","2022-09-05","35249918.03"
"600418","2022-09-06","38591453.01"
"600418","2022-09-07","37892569.87"
"600418","2022-09-08","38809853.99"
"600418","2022-09-09","38089130.76"
"600418","2022-09-13","38962734.67"
"600418","2022-09-14","39268496.04"
"600418","2022-09-15","36407443.22"
"600418","2022-09-16","36516643.71"
"600418","2022-09-19","36276402.63"
"600418","2022-09-20","35621199.69"
"600418","2022-09-21","37674168.89"
"600418","2022-09-22","37979930.27"
"600418","2022-09-23","36014321.45"
"600418","2022-09-26","35948801.16"
"600418","2022-09-27","34703915.58"
"600418","2022-09-28","32388865.20"
"600418","2022-09-29","32192304.32"
"600418","2022-09-30","29877253.94"
"600418","2022-10-10","28938129.73"
"600418","2022-10-11","28719728.75"
"600418","2022-10-12","31165819.72"
"600418","2022-10-13","30729017.76"
"600418","2022-10-14","31122139.52"
"600418","2022-10-17","32760146.87"
"600418","2022-10-18","31602621.68"
"600418","2022-10-19","30335896.00"
"600418","2022-10-20","30860058.35"
"600418","2022-10-21","29309411.40"
"600418","2022-10-24","29353091.59"
"600418","2022-10-25","30248535.61"
"600418","2022-10-26","29986454.43"
"600418","2022-10-27","29833573.75"
"600418","2022-10-28","27584043.66"
"600418","2022-10-31","28130046.11"
"600418","2022-11-01","28697888.65"
"600418","2022-11-02","31558941.48"
"600418","2022-11-03","31668141.97"
"600418","2022-11-04","33699271.08"
"600418","2022-11-07","32432545.40"
"600418","2022-11-08","31799182.56"
"600418","2022-11-09","31165819.72"
"600418","2022-11-10","30183015.31"
"600418","2022-11-11","30183015.31"
"600418","2022-11-14","29418611.88"
"600418","2022-11-15","30466936.58"
"600418","2022-11-16","30685337.56"
"600418","2022-11-17","29484132.18"
"600418","2022-11-18","29702533.16"
"600418","2022-11-21","32104943.93"
"600418","2022-11-22","32454385.49"
"600418","2022-11-23","31253180.11"
"600418","2022-11-24","31231340.01"
"600418","2022-11-25","29833573.75"
"600418","2022-11-28","28894449.53"
"600418","2022-11-29","29331251.49"
"600418","2022-11-30","32214144.42"
"600418","2022-12-01","31842862.75"
"600418","2022-12-02","30881898.44"
"600418","2022-12-05","31799182.56"
"600418","2022-12-06","32214144.42"
"600418","2022-12-07","32039423.63"
"600418","2022-12-08","31318700.40"
"600418","2022-12-09","31318700.40"
"600418","2022-12-12","30685337.56"
"600418","2022-12-13","30183015.31"
"600418","2022-12-14","29789893.55"
"600418","2022-12-15","30860058.35"
"600418","2022-12-16","29920934.14"
"600418","2022-12-19","30030134.63"
"600418","2022-12-20","30248535.61"
"600418","2022-12-21","29505972.28"
"600418","2022-12-22","29855413.84"
"600418","2022-12-23","29811733.65"
"600418","2022-12-26","29724373.26"
"600418","2022-12-27","30335896.00"
"600418","2022-12-28","29025490.12"
"600418","2022-12-29","28676048.56"
"600418","2022-12-30","28676048.56"
"600660","2022-01-04","93940058.97"
"600660","2022-01-05","94340656.24"
"600660","2022-01-06","92217490.73"
"600660","2022-01-07","94080268.01"
"600660","2022-01-10","96744239.84"
"600660","2022-01-11","94340656.24"
"600660","2022-01-12","94440805.55"
"600660","2022-01-13","93459342.25"
"600660","2022-01-14","96203433.53"
"600660","2022-01-17","97645583.69"
"600660","2022-01-18","98506867.81"
"600660","2022-01-19","95882955.71"
"600660","2022-01-20","98446778.22"
"600660","2022-01-21","97365165.60"
"600660","2022-01-24","98226449.72"
"600660","2022-01-25","97365165.60"
"600660","2022-01-26","100349615.23"
"600660","2022-01-27","98546927.53"
"600660","2022-01-28","95302089.68"
"600660","2022-02-07","96684150.25"
"600660","2022-02-08","95101791.04"
"600660","2022-02-09","97104777.38"
"600660","2022-02-10","96904478.74"
"600660","2022-02-11","93719730.47"
"600660","2022-02-14","92257550.45"
"600660","2022-02-15","92377729.63"
"600660","2022-02-16","93579521.43"
"600660","2022-02-17","94020178.42"
"600660","2022-02-18","93218983.89"
"600660","2022-02-21","92838416.49"
"600660","2022-02-22","90735280.84"
"600660","2022-02-23","92137371.27"
"600660","2022-02-24","89012712.59"
"600660","2022-02-25","89833936.99"
"600660","2022-02-28","88131398.61"
"600660","2022-03-01","88932593.14"
"600660","2022-03-02","87931099.97"
"600660","2022-03-03","84165485.67"
"600660","2022-03-04","81842021.53"
"600660","2022-03-07","77455481.46"
"600660","2022-03-08","73529628.25"
"600660","2022-03-09","75011838.13"
"600660","2022-03-10","76694346.65"
"600660","2022-03-11","75051897.86"
"600660","2022-03-14","72708403.85"
"600660","2022-03-15","69483595.86"
"600660","2022-03-16","72387926.04"
"600660","2022-03-17","75973271.57"
"600660","2022-03-18","71526641.92"
"600660","2022-03-21","70725447.38"
"600660","2022-03-22","71126044.65"
"600660","2022-03-23","71126044.65"
"600660","2022-03-24","70304820.25"
"600660","2022-03-25","69904222.99"
"600660","2022-03-28","70404969.57"
"600660","2022-03-29","70344879.98"
"600660","2022-03-30","72407955.90"
"600660","2022-03-31","71266253.69"
"600660","2022-04-01","70745477.25"
"600660","2022-04-06","69263267.36"
"600660","2022-04-07","66098548.96"
"600660","2022-04-08","64996906.47"
"600660","2022-04-11","60890784.49"
"600660","2022-04-12","62453113.83"
"600660","2022-04-13","61732038.75"
"600660","2022-04-14","63875234.13"
"600660","2022-04-15","70264760.53"
"600660","2022-04-18","71426492.60"
"600660","2022-04-19","69804073.67"
"600660","2022-04-20","69683894.49"
"600660","2022-04-21","68502132.55"
"600660","2022-04-22","67821117.20"
"600660","2022-04-25","64796607.84"
"600660","2022-04-26","65858190.60"
"600660","2022-04-27","69002879.14"
"600660","2022-04-28","68482102.69"
"600660","2022-04-29","71206164.10"
"600660","2022-05-05","72007358.64"
"600660","2022-05-06","72127537.82"
"600660","2022-05-09","70144581.35"
"600660","2022-05-10","70845626.56"
"600660","2022-05-11","73649807.43"
"600660","2022-05-12","73950255.38"
"600660","2022-05-13","75412435.40"
"600660","2022-05-16","75312286.08"
"600660","2022-05-17","76614227.20"
"600660","2022-05-18","76113480.62"
"600660","2022-05-19","73109001.12"
"600660","2022-05-20","73870135.92"
"600660","2022-05-23","73830076.20"
"600660","2022-05-24","77475511.32"
"600660","2022-05-25","78116466.95"
"600660","2022-05-26","77515571.05"
"600660","2022-05-27","76093450.75"
"600660","2022-05-30","79899124.78"
"600660","2022-05-31","80399871.37"
"600660","2022-06-01","82422887.56"
"600660","2022-06-02","83804948.13"
"600660","2022-06-06","86108382.41"
"600660","2022-06-07","83023783.46"
"600660","2022-06-08","83845007.86"
"600660","2022-06-09","80880588.09"
"600660","2022-06-10","84926620.48"
"600660","2022-06-13","86368770.64"
"600660","2022-06-14","86889547.08"
"600660","2022-06-15","86108382.41"
"600660","2022-06-16","85227068.43"
"600660","2022-06-17","85026769.79"
"600660","2022-06-20","85647695.56"
"600660","2022-06-21","84425873.89"
"600660","2022-06-22","83744858.54"
"600660","2022-06-23","87951129.84"
"600660","2022-06-24","88311667.38"
"600660","2022-06-27","86689248.45"
"600660","2022-06-28","86929606.81"
"600660","2022-06-29","83043813.32"
"600660","2022-06-30","83744858.54"
"600660","2022-07-01","81801961.80"
"600660","2022-07-04","83724828.68"
"600660","2022-07-05","82322738.25"
"600660","2022-07-06","83023783.46"
"600660","2022-07-07","86188501.87"
"600660","2022-07-08","84425873.89"
"600660","2022-07-11","82723335.51"
"600660","2022-07-12","83083873.05"
"600660","2022-07-13","81922140.98"
"600660","2022-07-14","83123932.78"
"600660","2022-07-15","83744858.54"
"600660","2022-07-18","83824977.99"
"600660","2022-07-19","84986710.07"
"600660","2022-07-20","83724828.68"
"600660","2022-07-21","83544559.91"
"600660","2022-07-22","84325724.58"
"600660","2022-07-25","82082379.89"
"600660","2022-07-26","82703305.65"
"600660","2022-07-27","83664739.09"
"600660","2022-07-28","83724828.68"
"600660","2022-07-29","82162499.34"
"600660","2022-08-01","82402857.70"
"600660","2022-08-02","80219602.60"
"600660","2022-08-03","78857571.89"
"600660","2022-08-04","77976257.90"
"600660","2022-08-05","78477004.49"
"600660","2022-08-08","78196586.40"
"600660","2022-08-09","77315272.42"
"600660","2022-08-10","75472524.99"
"600660","2022-08-11","78436944.76"
"600660","2022-08-12","78196586.40"
"600660","2022-08-15","78376855.17"
"600660","2022-08-16","78316765.58"
"600660","2022-08-17","78657273.26"
"600660","2022-08-18","78757422.57"
"600660","2022-08-19","78096437.08"
"600660","2022-08-22","79598676.83"
"600660","2022-08-23","78356825.31"
"600660","2022-08-24","76754436.24"
"600660","2022-08-25","77235152.96"
"600660","2022-08-26","76353838.98"
"600660","2022-08-29","77074914.06"
"600660","2022-08-30","77515571.05"
"600660","2022-08-31","78236646.13"
"600660","2022-09-01","79017810.80"
"600660","2022-09-02","79678796.29"
"600660","2022-09-05","78056377.36"
"600660","2022-09-06","80720349.18"
"600660","2022-09-07","81201065.90"
"600660","2022-09-08","82603156.33"
"600660","2022-09-09","81902111.12"
"600660","2022-09-13","82683275.78"
"600660","2022-09-14","80259662.32"
"600660","2022-09-15","79097930.25"
"600660","2022-09-16","77876108.59"
"600660","2022-09-19","78156526.67"
"600660","2022-09-20","78937691.34"
"600660","2022-09-21","77515571.05"
"600660","2022-09-22","75492554.85"
"600660","2022-09-23","75232166.63"
"600660","2022-09-26","75212136.77"
"600660","2022-09-27","75051897.86"
"600660","2022-09-28","73569687.97"
"600660","2022-09-29","73209150.43"
"600660","2022-09-30","71726940.55"
"600660","2022-10-10","70585238.34"
"600660","2022-10-11","69864163.26"
"600660","2022-10-12","71887179.46"
"600660","2022-10-13","71626791.23"
"600660","2022-10-14","74771479.77"
"600660","2022-10-17","74751449.91"
"600660","2022-10-18","73810046.33"
"600660","2022-10-19","73329329.61"
"600660","2022-10-20","72307806.59"
"600660","2022-10-21","71106014.79"
"600660","2022-10-24","69243237.50"
"600660","2022-10-25","69143088.18"
"600660","2022-10-26","69663864.63"
"600660","2022-10-27","69243237.50"
"600660","2022-10-28","66719474.72"
"600660","2022-10-31","66959833.08"
"600660","2022-11-01","71586731.51"
"600660","2022-11-02","73149060.84"
"600660","2022-11-03","73509598.38"
"600660","2022-11-04","76253689.66"
"600660","2022-11-07","76393898.70"
"600660","2022-11-08","76313779.25"
"600660","2022-11-09","74731420.05"
"600660","2022-11-10","74290763.05"
"600660","2022-11-11","74711390.18"
"600660","2022-11-14","74891658.95"
"600660","2022-11-15","75732913.21"
"600660","2022-11-16","74631270.73"
"600660","2022-11-17","73910195.65"
"600660","2022-11-18","73469538.66"
"600660","2022-11-21","72307806.59"
"600660","2022-11-22","72568194.81"
"600660","2022-11-23","72788523.30"
"600660","2022-11-24","71847119.73"
"600660","2022-11-25","71726940.55"
"600660","2022-11-28","71106014.79"
"600660","2022-11-29","72508105.22"
"600660","2022-11-30","74370882.51"
"600660","2022-12-01","75011838.13"
"600660","2022-12-02","73709897.02"
"600660","2022-12-05","74511091.55"
"600660","2022-12-06","74390912.37"
"600660","2022-12-07","74971778.41"
"600660","2022-12-08","74651300.59"
"600660","2022-12-09","75692853.49"
"600660","2022-12-12","73008851.80"
"600660","2022-12-13","72568194.81"
"600660","2022-12-14","72367896.18"
"600660","2022-12-15","73950255.38"
"600660","2022-12-16","73389419.20"
"600660","2022-12-19","72367896.18"
"600660","2022-12-20","71226193.97"
"600660","2022-12-21","71466552.33"
"600660","2022-12-22","71085984.92"
"600660","2022-12-23","70264760.53"
"600660","2022-12-26","70665357.79"
"600660","2022-12-27","71146074.51"
"600660","2022-12-28","70164611.21"
"600660","2022-12-29","70144581.35"
"600660","2022-12-30","70244730.66"
"601238","2022-01-04","111115740.11"
"601238","2022-01-05","109297746.98"
"601238","2022-01-06","106607117.14"
"601238","2022-01-07","105734480.44"
"601238","2022-01-10","106316238.24"
"601238","2022-01-11","105516321.27"
"601238","2022-01-12","110388542.85"
"601238","2022-01-13","109661345.60"
"601238","2022-01-14","108061511.65"
"601238","2022-01-17","108206951.10"
"601238","2022-01-18","109515906.15"
"601238","2022-01-19","107625193.30"
"601238","2022-01-20","107770632.75"
"601238","2022-01-21","107239311.85"
"601238","2022-01-24","108344112.45"
"601238","2022-01-25","103041069.55"
"601238","2022-01-26","100757814.98"
"601238","2022-01-27","98842827.26"
"601238","2022-01-28","96412265.94"
"601238","2022-02-07","100389548.11"
"601238","2022-02-08","99505707.63"
"601238","2022-02-09","103409336.42"
"601238","2022-02-10","101199735.22"
"601238","2022-02-11","97222453.05"
"601238","2022-02-14","94423624.85"
"601238","2022-02-15","95233811.96"
"601238","2022-02-16","95749385.58"
"601238","2022-02-17","94497278.23"
"601238","2022-02-18","95160158.59"
"601238","2022-02-21","96117652.44"
"601238","2022-02-22","93466131.00"
"601238","2022-02-23","96633226.06"
"601238","2022-02-24","93245170.88"
"601238","2022-02-25","95381118.71"
"601238","2022-02-28","94202664.73"
"601238","2022-03-01","96485919.31"
"601238","2022-03-02","96559572.68"
"601238","2022-03-03","94865545.09"
"601238","2022-03-04","90078075.81"
"601238","2022-03-07","87942127.98"
"601238","2022-03-08","85216953.16"
"601238","2022-03-09","83449272.20"
"601238","2022-03-10","85437913.28"
"601238","2022-03-11","85658873.40"
"601238","2022-03-14","82639085.09"
"601238","2022-03-15","77630655.69"
"601238","2022-03-16","81386977.74"
"601238","2022-03-17","82639085.09"
"601238","2022-03-18","84775032.92"
"601238","2022-03-21","84480419.43"
"601238","2022-03-22","84406766.05"
"601238","2022-03-23","84112152.56"
"601238","2022-03-24","83007351.96"
"601238","2022-03-25","81976204.73"
"601238","2022-03-28","82491778.34"
"601238","2022-03-29","81166017.62"
"601238","2022-03-30","83081005.33"
"601238","2022-03-31","82712738.46"
"601238","2022-04-01","82860045.21"
"601238","2022-04-06","83817539.07"
"601238","2022-04-07","81166017.62"
"601238","2022-04-08","87131940.87"
"601238","2022-04-11","83081005.33"
"601238","2022-04-12","84775032.92"
"601238","2022-04-13","85069646.42"
"601238","2022-04-14","87573861.12"
"601238","2022-04-15","87721167.86"
"601238","2022-04-18","89783462.32"
"601238","2022-04-19","88384048.22"
"601238","2022-04-20","88163088.10"
"601238","2022-04-21","84554072.80"
"601238","2022-04-22","85511566.66"
"601238","2022-04-25","81607937.86"
"601238","2022-04-26","79840256.90"
"601238","2022-04-27","80650444.00"
"601238","2022-04-28","85511566.66"
"601238","2022-04-29","90151729.19"
"601238","2022-05-05","89636155.57"
"601238","2022-05-06","90519996.06"
"601238","2022-05-09","89415195.45"
"601238","2022-05-10","88605008.34"
"601238","2022-05-11","91330183.16"
"601238","2022-05-12","91551143.29"
"601238","2022-05-13","99947627.87"
"601238","2022-05-16","96706879.43"
"601238","2022-05-17","99800321.12"
"601238","2022-05-18","97958986.78"
"601238","2022-05-19","99211094.13"
"601238","2022-05-20","98548213.77"
"601238","2022-05-23","102967416.18"
"601238","2022-05-24","105618937.63"
"601238","2022-05-25","108491419.19"
"601238","2022-05-26","108344112.45"
"601238","2022-05-27","106944698.35"
"601238","2022-05-30","107239311.85"
"601238","2022-05-31","110332753.53"
"601238","2022-06-01","117329824.02"
"601238","2022-06-02","118655584.74"
"601238","2022-06-06","116814250.40"
"601238","2022-06-07","115635796.43"
"601238","2022-06-08","118066357.75"
"601238","2022-06-09","114825609.32"
"601238","2022-06-10","118434624.62"
"601238","2022-06-13","123001133.78"
"601238","2022-06-14","126536495.71"
"601238","2022-06-15","127346682.82"
"601238","2022-06-16","123958627.63"
"601238","2022-06-17","126757455.83"
"601238","2022-06-20","125947268.72"
"601238","2022-06-21","123222093.90"
"601238","2022-06-22","121012492.69"
"601238","2022-06-23","128893403.66"
"601238","2022-06-24","128598790.17"
"601238","2022-06-27","130955698.12"
"601238","2022-06-28","129114363.78"
"601238","2022-06-29","116225023.41"
"601238","2022-06-30","112247741.24"
"601238","2022-07-01","116077716.67"
"601238","2022-07-04","114825609.32"
"601238","2022-07-05","112836968.23"
"601238","2022-07-06","116372330.16"
"601238","2022-07-07","126168228.84"
"601238","2022-07-08","122780173.66"
"601238","2022-07-11","115930409.92"
"601238","2022-07-12","114089075.58"
"601238","2022-07-13","116004063.29"
"601238","2022-07-14","115709449.80"
"601238","2022-07-15","118360971.25"
"601238","2022-07-18","117256170.64"
"601238","2022-07-19","115709449.80"
"601238","2022-07-20","113720808.71"
"601238","2022-07-21","111290247.39"
"601238","2022-07-22","112542354.74"
"601238","2022-07-25","106944698.35"
"601238","2022-07-26","107902192.21"
"601238","2022-07-27","109522566.42"
"601238","2022-07-28","109448913.05"
"601238","2022-07-29","109669873.17"
"601238","2022-08-01","114751955.94"
"601238","2022-08-02","112100434.50"
"601238","2022-08-03","114089075.58"
"601238","2022-08-04","110332753.53"
"601238","2022-08-05","111732167.63"
"601238","2022-08-08","112763314.86"
"601238","2022-08-09","111953127.75"
"601238","2022-08-10","109375259.68"
"601238","2022-08-11","112836968.23"
"601238","2022-08-12","109743526.54"
"601238","2022-08-15","108491419.19"
"601238","2022-08-16","108565072.57"
"601238","2022-08-17","108859686.06"
"601238","2022-08-18","108270459.07"
"601238","2022-08-19","105029710.64"
"601238","2022-08-22","108123152.33"
"601238","2022-08-23","105692591.00"
"601238","2022-08-24","102672802.69"
"601238","2022-08-25","104735097.15"
"601238","2022-08-26","106723738.23"
"601238","2022-08-29","105324324.13"
"601238","2022-08-30","108786032.69"
"601238","2022-08-31","102451842.57"
"601238","2022-09-01","102525495.94"
"601238","2022-09-02","102672802.69"
"601238","2022-09-05","100242241.36"
"601238","2022-09-06","102967416.18"
"601238","2022-09-07","102820109.43"
"601238","2022-09-08","102157229.07"
"601238","2022-09-09","102967416.18"
"601238","2022-09-13","105177017.39"
"601238","2022-09-14","102378189.19"
"601238","2022-09-15","98179946.90"
"601238","2022-09-16","95307465.33"
"601238","2022-09-19","96117652.44"
"601238","2022-09-20","98621867.14"
"601238","2022-09-21","98253600.28"
"601238","2022-09-22","94570931.60"
"601238","2022-09-23","93981704.61"
"601238","2022-09-26","94276318.11"
"601238","2022-09-27","94865545.09"
"601238","2022-09-28","91477489.91"
"601238","2022-09-29","90078075.81"
"601238","2022-09-30","89341542.08"
"601238","2022-10-10","87058287.50"
"601238","2022-10-11","87868474.61"
"601238","2022-10-12","90519996.06"
"601238","2022-10-13","91403836.54"
"601238","2022-10-14","93760744.49"
"601238","2022-10-17","93171517.50"
"601238","2022-10-18","92950557.38"
"601238","2022-10-19","91477489.91"
"601238","2022-10-20","90593649.43"
"601238","2022-10-21","91477489.91"
"601238","2022-10-24","89341542.08"
"601238","2022-10-25","89562502.20"
"601238","2022-10-26","89415195.45"
"601238","2022-10-27","90078075.81"
"601238","2022-10-28","84701379.55"
"601238","2022-10-31","83449272.20"
"601238","2022-11-01","86690020.63"
"601238","2022-11-02","90519996.06"
"601238","2022-11-03","89267888.71"
"601238","2022-11-04","92950557.38"
"601238","2022-11-07","92508637.14"
"601238","2022-11-08","91256529.79"
"601238","2022-11-09","89709808.95"
"601238","2022-11-10","87279247.62"
"601238","2022-11-11","88825968.47"
"601238","2022-11-14","87721167.86"
"601238","2022-11-15","89562502.20"
"601238","2022-11-16","88089434.73"
"601238","2022-11-17","86542713.89"
"601238","2022-11-18","85953486.90"
"601238","2022-11-21","85732526.78"
"601238","2022-11-22","85290606.54"
"601238","2022-11-23","85290606.54"
"601238","2022-11-24","85585220.03"
"601238","2022-11-25","84922339.67"
"601238","2022-11-28","83449272.20"
"601238","2022-11-29","86321753.77"
"601238","2022-11-30","90740956.18"
"601238","2022-12-01","90372689.31"
"601238","2022-12-02","88384048.22"
"601238","2022-12-05","89194235.33"
"601238","2022-12-06","89415195.45"
"601238","2022-12-07","89857115.69"
"601238","2022-12-08","89709808.95"
"601238","2022-12-09","89120581.96"
"601238","2022-12-12","86616367.26"
"601238","2022-12-13","86910980.75"
"601238","2022-12-14","86100793.64"
"601238","2022-12-15","87721167.86"
"601238","2022-12-16","87573861.12"
"601238","2022-12-19","86616367.26"
"601238","2022-12-20","85879833.52"
"601238","2022-12-21","84554072.80"
"601238","2022-12-22","84112152.56"
"601238","2022-12-23","83228312.08"
"601238","2022-12-26","83670232.32"
"601238","2022-12-27","83891192.44"
"601238","2022-12-28","82123511.47"
"601238","2022-12-29","80724097.38"
"601238","2022-12-30","81239670.99"
"601633","2022-01-04","293186359.22"
"601633","2022-01-05","282141247.32"
"601633","2022-01-06","273734689.93"
"601633","2022-01-07","277170946.97"
"601633","2022-01-10","287786526.74"
"601633","2022-01-11","270666603.29"
"601633","2022-01-12","288706952.73"
"601633","2022-01-13","276066435.78"
"601633","2022-01-14","276250520.98"
"601633","2022-01-17","279257245.88"
"601633","2022-01-18","281282183.06"
"601633","2022-01-19","272262008.34"
"601633","2022-01-20","272691540.47"
"601633","2022-01-21","269991624.23"
"601633","2022-01-24","265450856.01"
"601633","2022-01-25","263425918.82"
"601633","2022-01-26","261707790.31"
"601633","2022-01-27","248208209.10"
"601633","2022-01-28","245201484.19"
"601633","2022-02-07","252202365.33"
"601633","2022-02-08","247293316.86"
"601633","2022-02-09","253736442.98"
"601633","2022-02-10","247293316.86"
"601633","2022-02-11","237536583.02"
"601633","2022-02-14","233793433.56"
"601633","2022-02-15","237168404.38"
"601633","2022-02-16","240911553.84"
"601633","2022-02-17","238579755.82"
"601633","2022-02-18","234713880.14"
"601633","2022-02-21","233916159.77"
"601633","2022-02-22","226552688.59"
"601633","2022-02-23","236063974.27"
"601633","2022-02-24","224527705.18"
"601633","2022-02-25","227043593.65"
"601633","2022-02-28","224036800.12"
"601633","2022-03-01","225816330.99"
"601633","2022-03-02","220968643.45"
"601633","2022-03-03","207652886.13"
"601633","2022-03-04","203971097.37"
"601633","2022-03-07","195871162.10"
"601633","2022-03-08","186482600.75"
"601633","2022-03-09","182309906.83"
"601633","2022-03-10","182248543.68"
"601633","2022-03-11","182800811.99"
"601633","2022-03-14","174087245.26"
"601633","2022-03-15","167275936.05"
"601633","2022-03-16","173964518.97"
"601633","2022-03-17","174087245.26"
"601633","2022-03-18","174700876.72"
"601633","2022-03-21","174946329.30"
"601633","2022-03-22","177216765.71"
"601633","2022-03-23","176725860.54"
"601633","2022-03-24","175498597.62"
"601633","2022-03-25","169669098.75"
"601633","2022-03-28","167521388.63"
"601633","2022-03-29","165987309.98"
"601633","2022-03-30","175130491.23"
"601633","2022-03-31","168135089.69"
"601633","2022-04-01","170344164.58"
"601633","2022-04-06","163901031.56"
"601633","2022-04-07","161016962.49"
"601633","2022-04-08","161630594.21"
"601633","2022-04-11","150032954.76"
"601633","2022-04-12","153960197.75"
"601633","2022-04-13","154328378.08"
"601633","2022-04-14","158378347.45"
"601633","2022-04-15","157575532.07"
"601633","2022-04-18","161686731.70"
"601633","2022-04-19","155918779.98"
"601633","2022-04-20","156225585.92"
"601633","2022-04-21","148678159.74"
"601633","2022-04-22","149475879.50"
"601633","2022-04-25","138553586.17"
"601633","2022-04-26","136896833.81"
"601633","2022-04-27","140026254.93"
"601633","2022-04-28","141008034.11"
"601633","2022-04-29","152298494.63"
"601633","2022-05-05","151930349.52"
"601633","2022-05-06","146101034.82"
"601633","2022-05-09","143155696.86"
"601633","2022-05-10","141437583.06"
"601633","2022-05-11","155612021.97"
"601633","2022-05-12","164938925.49"
"601633","2022-05-13","181445090.28"
"601633","2022-05-16","177947501.46"
"601633","2022-05-17","195742251.61"
"601633","2022-05-18","206603185.32"
"601633","2022-05-19","219427677.66"
"601633","2022-05-20","212428915.94"
"601633","2022-05-23","209229870.58"
"601633","2022-05-24","211444594.29"
"601633","2022-05-25","228239582.43"
"601633","2022-05-26","216735323.15"
"601633","2022-05-27","214397559.23"
"601633","2022-05-30","209291390.68"
"601633","2022-05-31","204246742.23"
"601633","2022-06-01","207876428.31"
"601633","2022-06-02","218458105.12"
"601633","2022-06-06","223939574.35"
"601633","2022-06-07","216117702.53"
"601633","2022-06-08","230283297.16"
"601633","2022-06-09","219135590.08"
"601633","2022-06-10","224956893.69"
"601633","2022-06-13","236783762.14"
"601633","2022-06-14","253969680.36"
"601633","2022-06-15","242943589.46"
"601633","2022-06-16","237830932.79"
"601633","2022-06-17","240849248.17"
"601633","2022-06-20","239863675.80"
"601633","2022-06-21","236078628.23"
"601633","2022-06-22","234045592.03"
"601633","2022-06-23","249283875.30"
"601633","2022-06-24","246199442.30"
"601633","2022-06-27","252615062.95"
"601633","2022-06-28","260209809.83"
"601633","2022-06-29","234485737.90"
"601633","2022-06-30","228507583.29"
"601633","2022-07-01","229679733.42"
"601633","2022-07-04","222955293.20"
"601633","2022-07-05","216724389.88"
"601633","2022-07-06","219808995.48"
"601633","2022-07-07","230358346.66"
"601633","2022-07-08","221803433.97"
"601633","2022-07-11","210636140.08"
"601633","2022-07-12","207921438.80"
"601633","2022-07-13","208785207.39"
"601633","2022-07-14","208353323.09"
"601633","2022-07-15","212879037.88"
"601633","2022-07-18","221887831.94"
"601633","2022-07-19","219688061.90"
"601633","2022-07-20","216419261.43"
"601633","2022-07-21","211423547.50"
"601633","2022-07-22","217036016.23"
"601633","2022-07-25","209079881.88"
"601633","2022-07-26","210128368.64"
"601633","2022-07-27","205890973.05"
"601633","2022-07-28","206562631.03"
"601633","2022-07-29","210470407.68"
"601633","2022-08-01","220728321.37"
"601633","2022-08-02","212101993.12"
"601633","2022-08-03","208524814.99"
"601633","2022-08-04","200260299.99"
"601633","2022-08-05","195696314.10"
"601633","2022-08-08","199396843.20"
"601633","2022-08-09","199026790.29"
"601633","2022-08-10","195079559.24"
"601633","2022-08-11","196498095.40"
"601633","2022-08-12","194586155.36"
"601633","2022-08-15","193105943.72"
"601633","2022-08-16","193907725.03"
"601633","2022-08-17","196744797.34"
"601633","2022-08-18","192920917.27"
"601633","2022-08-19","188665308.80"
"601633","2022-08-22","207538007.23"
"601633","2022-08-23","211855291.18"
"601633","2022-08-24","206181146.56"
"601633","2022-08-25","215802522.22"
"601633","2022-08-26","218022839.69"
"601633","2022-08-29","209449947.26"
"601633","2022-08-30","210930158.91"
"601633","2022-08-31","206366173.01"
"601633","2022-09-01","198903439.32"
"601633","2022-09-02","195202918.48"
"601633","2022-09-05","192365846.04"
"601633","2022-09-06","196374752.74"
"601633","2022-09-07","197916639.93"
"601633","2022-09-08","191070660.80"
"601633","2022-09-09","193116338.74"
"601633","2022-09-13","197373044.74"
"601633","2022-09-14","195769479.97"
"601633","2022-09-15","188553964.93"
"601633","2022-09-16","178131599.95"
"601633","2022-09-19","184916390.81"
"601633","2022-09-20","183991192.05"
"601633","2022-09-21","181585675.29"
"601633","2022-09-22","176589602.03"
"601633","2022-09-23","175726083.19"
"601633","2022-09-26","177024320.36"
"601633","2022-09-27","181280625.58"
"601633","2022-09-28","173385450.33"
"601633","2022-09-29","173323769.27"
"601633","2022-09-30","171473824.46"
"601633","2022-10-10","161111377.51"
"601633","2022-10-11","160926333.82"
"601633","2022-10-12","166169238.52"
"601633","2022-10-13","163023495.70"
"601633","2022-10-14","166354282.22"
"601633","2022-10-17","169561706.27"
"601633","2022-10-18","169746749.97"
"601633","2022-10-19","165490769.58"
"601633","2022-10-20","163208563.66"
"601633","2022-10-21","162098301.32"
"601633","2022-10-24","166838196.00"
"601633","2022-10-25","167825040.01"
"601633","2022-10-26","172019124.07"
"601633","2022-10-27","180715680.72"
"601633","2022-10-28","178556960.98"
"601633","2022-10-31","179852192.82"
"601633","2022-11-01","181764201.73"
"601633","2022-11-02","185094797.90"
"601633","2022-11-03","180345614.48"
"601633","2022-11-04","192434445.00"
"601633","2022-11-07","190710090.54"
"601633","2022-11-08","189415148.00"
"601633","2022-11-09","186455409.53"
"601633","2022-11-10","186517167.09"
"601633","2022-11-11","188860967.47"
"601633","2022-11-14","186147093.34"
"601633","2022-11-15","189971188.70"
"601633","2022-11-16","185715340.64"
"601633","2022-11-17","180350339.31"
"601633","2022-11-18","179055073.54"
"601633","2022-11-21","179980263.38"
"601633","2022-11-22","178376600.99"
"601633","2022-11-23","178006525.05"
"601633","2022-11-24","178192878.15"
"601633","2022-11-25","175664035.74"
"601633","2022-11-28","177144379.37"
"601633","2022-11-29","180660127.84"
"601633","2022-11-30","197251993.46"
"601633","2022-12-01","197868791.44"
"601633","2022-12-02","192502838.44"
"601633","2022-12-05","192132759.29"
"601633","2022-12-06","195216752.22"
"601633","2022-12-07","196388669.53"
"601633","2022-12-08","194599953.63"
"601633","2022-12-09","194599953.63"
"601633","2022-12-12","190960841.98"
"601633","2022-12-13","191207561.41"
"601633","2022-12-14","189665564.95"
"601633","2022-12-15","191886039.86"
"601633","2022-12-16","188308608.06"
"601633","2022-12-19","186334852.59"
"601633","2022-12-20","183867658.25"
"601633","2022-12-21","180536945.89"
"601633","2022-12-22","188185248.34"
"601633","2022-12-23","182276710.80"
"601633","2022-12-26","185360919.10"
"601633","2022-12-27","186409549.92"
"601633","2022-12-28","180241133.31"
"601633","2022-12-29","180734606.64"
"601633","2022-12-30","182708499.96"
"601689","2022-01-04","56534989.14"
"601689","2022-01-05","55543147.23"
"601689","2022-01-06","55014164.87"
"601689","2022-01-07","53989261.56"
"601689","2022-01-10","57460708.26"
"601689","2022-01-11","57637035.72"
"601689","2022-01-12","59808067.46"
"601689","2022-01-13","56501927.75"
"601689","2022-01-14","62144406.20"
"601689","2022-01-17","64635031.45"
"601689","2022-01-18","64381560.74"
"601689","2022-01-19","62089303.87"
"601689","2022-01-20","61780730.83"
"601689","2022-01-21","59874190.26"
"601689","2022-01-24","65351361.72"
"601689","2022-01-25","62045222.00"
"601689","2022-01-26","64006864.90"
"601689","2022-01-27","61725628.50"
"601689","2022-01-28","59510514.89"
"601689","2022-02-07","60932154.97"
"601689","2022-02-08","57912547.36"
"601689","2022-02-09","61020318.69"
"601689","2022-02-10","58882348.34"
"601689","2022-02-11","56204375.17"
"601689","2022-02-14","57086012.43"
"601689","2022-02-15","59907251.65"
"601689","2022-02-16","59896231.19"
"601689","2022-02-17","61483178.25"
"601689","2022-02-18","60006435.85"
"601689","2022-02-21","60138681.43"
"601689","2022-02-22","60943175.43"
"601689","2022-02-23","64800338.43"
"601689","2022-02-24","64161151.42"
"601689","2022-02-25","65329320.79"
"601689","2022-02-28","66321162.70"
"601689","2022-03-01","66706879.00"
"601689","2022-03-02","65384423.12"
"601689","2022-03-03","60083579.11"
"601689","2022-03-04","58243161.33"
"601689","2022-03-07","56039068.19"
"601689","2022-03-08","56843562.18"
"601689","2022-03-09","59168880.45"
"601689","2022-03-10","61472157.79"
"601689","2022-03-11","60392152.15"
"601689","2022-03-14","57890506.43"
"601689","2022-03-15","59576637.68"
"601689","2022-03-16","65538709.64"
"601689","2022-03-17","65560750.57"
"601689","2022-03-18","64260335.61"
"601689","2022-03-21","64403601.67"
"601689","2022-03-22","64921563.56"
"601689","2022-03-23","64315437.94"
"601689","2022-03-24","63654210.00"
"601689","2022-03-25","61031339.16"
"601689","2022-03-28","60502356.80"
"601689","2022-03-29","60965216.36"
"601689","2022-03-30","64513806.32"
"601689","2022-03-31","62596245.29"
"601689","2022-04-01","64491765.39"
"601689","2022-04-06","61494198.72"
"601689","2022-04-07","58518672.97"
"601689","2022-04-08","58518672.97"
"601689","2022-04-11","52666805.68"
"601689","2022-04-12","55091308.13"
"601689","2022-04-13","55102328.60"
"601689","2022-04-14","54000282.03"
"601689","2022-04-15","55256615.12"
"601689","2022-04-18","55454983.50"
"601689","2022-04-19","54981103.48"
"601689","2022-04-20","54099466.22"
"601689","2022-04-21","53559463.40"
"601689","2022-04-22","56700296.13"
"601689","2022-04-25","53294972.22"
"601689","2022-04-26","50583937.65"
"601689","2022-04-27","54881919.29"
"601689","2022-04-28","56017027.25"
"601689","2022-04-29","57934588.29"
"601689","2022-05-05","58948471.14"
"601689","2022-05-06","57074991.96"
"601689","2022-05-09","56865603.12"
"601689","2022-05-10","58562754.84"
"601689","2022-05-11","60601540.99"
"601689","2022-05-12","58706020.89"
"601689","2022-05-13","61758689.89"
"601689","2022-05-16","60348070.28"
"601689","2022-05-17","61560321.51"
"601689","2022-05-18","61890935.48"
"601689","2022-05-19","62794613.67"
"601689","2022-05-20","62596245.29"
"601689","2022-05-23","62728490.88"
"601689","2022-05-24","60226845.16"
"601689","2022-05-25","61450116.85"
"601689","2022-05-26","61494198.72"
"601689","2022-05-27","61714608.03"
"601689","2022-05-30","63544005.34"
"601689","2022-05-31","64469724.46"
"601689","2022-06-01","62452979.24"
"601689","2022-06-02","63356657.42"
"601689","2022-06-06","64050946.76"
"601689","2022-06-07","63279514.16"
"601689","2022-06-08","62166447.13"
"601689","2022-06-09","59620719.55"
"601689","2022-06-10","65571771.03"
"601689","2022-06-13","69208524.72"
"601689","2022-06-14","72580787.23"
"601689","2022-06-15","72580787.23"
"601689","2022-06-16","71302413.21"
"601689","2022-06-17","72591807.70"
"601689","2022-06-20","74674675.72"
"601689","2022-06-21","74817941.77"
"601689","2022-06-22","72624869.09"
"601689","2022-06-23","78245306.61"
"601689","2022-06-24","77694283.33"
"601689","2022-06-27","77484894.48"
"601689","2022-06-28","78575920.58"
"601689","2022-06-29","71633027.18"
"601689","2022-06-30","75413046.92"
"601689","2022-07-01","78079999.63"
"601689","2022-07-04","80063683.46"
"601689","2022-07-05","79677967.16"
"601689","2022-07-06","79744089.95"
"601689","2022-07-07","81716753.31"
"601689","2022-07-08","78245306.61"
"601689","2022-07-11","79744089.95"
"601689","2022-07-12","81639610.05"
"601689","2022-07-13","80890218.38"
"601689","2022-07-14","86598819.63"
"601689","2022-07-15","91646192.93"
"601689","2022-07-18","95856010.83"
"601689","2022-07-19","96109481.54"
"601689","2022-07-20","96153563.41"
"601689","2022-07-21","95602540.12"
"601689","2022-07-22","95723765.24"
"601689","2022-07-25","92946607.88"
"601689","2022-07-26","93056812.54"
"601689","2022-07-27","96318870.39"
"601689","2022-07-28","96065399.68"
"601689","2022-07-29","101300120.90"
"601689","2022-08-01","96759689.02"
"601689","2022-08-02","96384993.19"
"601689","2022-08-03","91502926.87"
"601689","2022-08-04","90048225.40"
"601689","2022-08-05","91260476.63"
"601689","2022-08-08","92406605.06"
"601689","2022-08-09","91998847.83"
"601689","2022-08-10","88891076.50"
"601689","2022-08-11","88218828.09"
"601689","2022-08-12","87943316.45"
"601689","2022-08-15","90257614.25"
"601689","2022-08-16","90367818.90"
"601689","2022-08-17","90610269.15"
"601689","2022-08-18","94224981.91"
"601689","2022-08-19","90709453.34"
"601689","2022-08-22","91183333.37"
"601689","2022-08-23","95007434.97"
"601689","2022-08-24","89629447.70"
"601689","2022-08-25","88163725.76"
"601689","2022-08-26","92351502.73"
"601689","2022-08-29","90037204.93"
"601689","2022-08-30","90753535.20"
"601689","2022-08-31","87127801.98"
"601689","2022-09-01","84769422.32"
"601689","2022-09-02","88351073.68"
"601689","2022-09-05","86025755.41"
"601689","2022-09-06","91469865.48"
"601689","2022-09-07","95690703.85"
"601689","2022-09-08","96153563.41"
"601689","2022-09-09","96153563.41"
"601689","2022-09-13","94963353.11"
"601689","2022-09-14","91381701.75"
"601689","2022-09-15","86268205.66"
"601689","2022-09-16","83325741.31"
"601689","2022-09-19","81308996.08"
"601689","2022-09-20","86003714.48"
"601689","2022-09-21","84185337.64"
"601689","2022-09-22","83182475.25"
"601689","2022-09-23","81518384.93"
"601689","2022-09-26","85375547.93"
"601689","2022-09-27","84262480.90"
"601689","2022-09-28","82576349.64"
"601689","2022-09-29","85254322.81"
"601689","2022-09-30","81331037.01"
"601689","2022-10-10","76041213.47"
"601689","2022-10-11","79479598.77"
"601689","2022-10-12","81529405.40"
"601689","2022-10-13","82631451.97"
"601689","2022-10-14","84086153.44"
"601689","2022-10-17","82433083.59"
"601689","2022-10-18","82433083.59"
"601689","2022-10-19","80901238.85"
"601689","2022-10-20","75049371.55"
"601689","2022-10-21","77253464.70"
"601689","2022-10-24","76173459.06"
"601689","2022-10-25","78432654.53"
"601689","2022-10-26","78818370.83"
"601689","2022-10-27","77132239.57"
"601689","2022-10-28","71489761.13"
"601689","2022-10-31","71412617.87"
"601689","2022-11-01","75446108.32"
"601689","2022-11-02","81661650.99"
"601689","2022-11-03","81882060.30"
"601689","2022-11-04","85959632.62"
"601689","2022-11-07","84857586.04"
"601689","2022-11-08","83424925.50"
"601689","2022-11-09","80813075.12"
"601689","2022-11-10","79281230.39"
"601689","2022-11-11","79237148.53"
"601689","2022-11-14","77066116.78"
"601689","2022-11-15","78575920.58"
"601689","2022-11-16","78322449.87"
"601689","2022-11-17","73837120.32"
"601689","2022-11-18","75313862.73"
"601689","2022-11-21","78575920.58"
"601689","2022-11-22","77573058.20"
"601689","2022-11-23","77242444.23"
"601689","2022-11-24","77220403.30"
"601689","2022-11-25","73506506.35"
"601689","2022-11-28","74762839.44"
"601689","2022-11-29","70905676.44"
"601689","2022-11-30","74377123.14"
"601689","2022-12-01","75655497.17"
"601689","2022-12-02","72239152.79"
"601689","2022-12-05","71633027.18"
"601689","2022-12-06","69550159.16"
"601689","2022-12-07","70376694.09"
"601689","2022-12-08","71412617.87"
"601689","2022-12-09","69252606.58"
"601689","2022-12-12","69065258.67"
"601689","2022-12-13","66530551.55"
"601689","2022-12-14","67886068.84"
"601689","2022-12-15","70817512.72"
"601689","2022-12-16","67919130.23"
"601689","2022-12-19","68018314.42"
"601689","2022-12-20","67555454.86"
"601689","2022-12-21","65990548.73"
"601689","2022-12-22","65615852.90"
"601689","2022-12-23","63356657.42"
"601689","2022-12-26","68326887.46"
"601689","2022-12-27","68238723.74"
"601689","2022-12-28","64150130.96"
"601689","2022-12-29","64557888.19"
"601689","2022-12-30","64557888.19"
